user_id,account_created_date,account_status
USER000001,2024-12-29,Active
USER000002,2025-02-07,Active
USER000003,2025-06-03,Inactive
USER000004,2024-01-16,Active
USER000005,2025-02-17,Active
USER000006,2023-06-25,Active
USER000007,2024-08-27,Active
USER000008,2024-05-19,Active
USER000009,2023-05-31,Active
USER000010,2023-06-18,Active
USER000011,2024-07-02,Active
USER000012,2023-11-12,Active
USER000013,2025-02-17,Inactive
USER000014,2023-11-12,Active
USER000015,2025-03-08,Active
USER000016,2024-10-10,Active
USER000017,2025-01-08,Active
USER000018,2023-08-07,Active
USER000019,2023-07-07,Active
USER000020,2023-01-11,Active
USER000021,2024-09-23,Active
USER000022,2025-06-29,Active
USER000023,2025-01-07,Active
USER000024,2024-07-06,Active
USER000025,2023-07-29,Active
USER000026,2023-09-29,Active
USER000027,2023-06-28,Active
USER000028,2024-01-19,Active
USER000029,2025-06-01,Active
USER000030,2025-07-08,Active
USER000031,2025-11-15,Active
USER000032,2025-04-15,Active
USER000033,2023-07-31,Active
USER000034,2023-02-23,Active
USER000035,2023-07-03,Inactive
USER000036,2024-12-25,Active
USER000037,2023-07-10,Active
USER000038,2024-10-26,Active
USER000039,2025-02-27,Active
USER000040,2023-01-26,Active
USER000041,2024-08-20,Active
USER000042,2025-04-27,Active
USER000043,2025-03-05,Active
USER000044,2023-06-23,Active
USER000045,2024-05-12,Active
USER000046,2025-12-03,Active
USER000047,2023-12-14,Active
USER000048,2025-02-18,Inactive
USER000049,2023-12-14,Active
USER000050,2023-10-12,Active
USER000051,2024-07-04,Active
USER000052,2024-09-08,Inactive
USER000053,2024-07-03,Active
USER000054,2025-10-06,Active
USER000055,2023-10-26,Active
USER000056,2023-05-10,Inactive
USER000057,2023-12-09,Active
USER000058,2025-06-09,Active
USER000059,2024-07-19,Active
USER000060,2025-05-12,Active
USER000061,2024-09-05,Active
USER000062,2025-09-18,Active
USER000063,2023-06-07,Active
USER000064,2025-01-09,Active
USER000065,2024-05-30,Active
USER000066,2024-05-20,Active
USER000067,2025-10-12,Active
USER000068,2024-02-05,Active
USER000069,2025-07-26,Active
USER000070,2023-08-08,Active
USER000071,2023-10-05,Active
USER000072,2024-09-15,Active
USER000073,2023-01-14,Active
USER000074,2025-03-21,Active
USER000075,2024-11-11,Active
USER000076,2025-02-17,Active
USER000077,2024-11-05,Active
USER000078,2025-06-20,Active
USER000079,2024-11-16,Active
USER000080,2025-05-31,Active
USER000081,2023-10-06,Active
USER000082,2024-09-07,Active
USER000083,2024-10-18,Active
USER000084,2024-02-16,Active
USER000085,2025-09-08,Active
USER000086,2024-10-05,Active
USER000087,2023-12-30,Active
USER000088,2025-03-26,Active
USER000089,2024-10-15,Active
USER000090,2024-08-19,Active
USER000091,2025-10-02,Active
USER000092,2024-05-11,Active
USER000093,2024-10-29,Active
USER000094,2025-02-09,Active
USER000095,2024-07-28,Active
USER000096,2025-03-15,Active
USER000097,2025-01-17,Active
USER000098,2023-08-22,Active
USER000099,2024-02-14,Active
USER000100,2024-01-04,Active
USER000101,2023-02-25,Active
USER000102,2025-08-03,Active
USER000103,2024-03-05,Active
USER000104,2025-06-16,Active
USER000105,2024-08-19,Active
USER000106,2023-05-22,Active
USER000107,2025-04-17,Inactive
USER000108,2025-10-19,Active
USER000109,2023-10-13,Active
USER000110,2024-09-12,Active
USER000111,2024-05-10,Active
USER000112,2024-06-01,Active
USER000113,2023-11-12,Active
USER000114,2025-05-16,Active
USER000115,2025-02-11,Active
USER000116,2023-06-01,Active
USER000117,2025-07-08,Active
USER000118,2025-09-08,Active
USER000119,2025-03-31,Active
USER000120,2025-12-30,Active
USER000121,2025-11-03,Active
USER000122,2025-05-06,Active
USER000123,2023-03-17,Active
USER000124,2025-01-06,Active
USER000125,2023-06-24,Active
USER000126,2023-08-12,Active
USER000127,2024-05-23,Active
USER000128,2024-12-28,Inactive
USER000129,2023-12-07,Active
USER000130,2023-04-01,Active
USER000131,2025-03-29,Active
USER000132,2024-11-10,Active
USER000133,2025-05-31,Active
USER000134,2023-08-05,Inactive
USER000135,2023-01-22,Active
USER000136,2023-07-21,Active
USER000137,2024-06-13,Active
USER000138,2024-03-30,Active
USER000139,2025-11-11,Inactive
USER000140,2025-11-28,Active
USER000141,2024-03-28,Inactive
USER000142,2025-07-01,Active
USER000143,2025-02-05,Active
USER000144,2025-03-12,Active
USER000145,2025-08-06,Active
USER000146,2025-10-21,Active
USER000147,2023-11-05,Active
USER000148,2024-12-07,Active
USER000149,2023-02-20,Active
USER000150,2025-09-15,Active
USER000151,2023-08-03,Active
USER000152,2024-08-28,Active
USER000153,2025-05-01,Inactive
USER000154,2023-06-25,Inactive
USER000155,2023-08-26,Active
USER000156,2023-10-18,Active
USER000157,2024-12-14,Active
USER000158,2024-09-30,Active
USER000159,2024-12-03,Active
USER000160,2025-07-21,Active
USER000161,2024-02-28,Active
USER000162,2025-12-03,Active
USER000163,2025-09-16,Active
USER000164,2024-12-14,Active
USER000165,2025-09-02,Active
USER000166,2023-07-19,Active
USER000167,2025-06-16,Active
USER000168,2025-07-15,Active
USER000169,2024-10-15,Active
USER000170,2023-05-18,Active
USER000171,2024-09-06,Active
USER000172,2023-04-02,Active
USER000173,2023-08-24,Active
USER000174,2023-02-16,Active
USER000175,2024-12-03,Active
USER000176,2023-08-12,Active
USER000177,2023-12-03,Inactive
USER000178,2024-05-14,Inactive
USER000179,2025-11-22,Active
USER000180,2023-12-24,Active
USER000181,2023-11-24,Inactive
USER000182,2024-11-08,Active
USER000183,2025-05-23,Active
USER000184,2025-08-04,Active
USER000185,2024-04-19,Active
USER000186,2025-04-09,Active
USER000187,2024-01-13,Active
USER000188,2024-01-17,Active
USER000189,2025-06-04,Active
USER000190,2025-03-21,Active
USER000191,2023-03-01,Active
USER000192,2024-02-09,Active
USER000193,2025-07-09,Active
USER000194,2025-05-29,Active
USER000195,2025-03-07,Active
USER000196,2023-01-10,Inactive
USER000197,2024-03-15,Active
USER000198,2024-02-26,Active
USER000199,2024-07-24,Active
USER000200,2023-05-09,Active
USER000201,2023-07-28,Inactive
USER000202,2024-01-18,Inactive
USER000203,2025-01-19,Active
USER000204,2024-10-29,Active
USER000205,2024-02-08,Active
USER000206,2025-07-26,Active
USER000207,2023-08-22,Active
USER000208,2024-06-21,Active
USER000209,2025-09-29,Active
USER000210,2025-12-16,Active
USER000211,2024-10-03,Active
USER000212,2025-03-06,Active
USER000213,2025-03-14,Active
USER000214,2023-08-22,Active
USER000215,2024-12-13,Active
USER000216,2024-12-21,Inactive
USER000217,2025-07-26,Active
USER000218,2023-12-20,Active
USER000219,2024-09-01,Active
USER000220,2023-06-23,Active
USER000221,2023-10-02,Active
USER000222,2024-10-03,Active
USER000223,2023-08-30,Active
USER000224,2024-05-03,Inactive
USER000225,2024-09-17,Active
USER000226,2023-08-28,Active
USER000227,2024-01-10,Active
USER000228,2025-02-03,Inactive
USER000229,2023-10-17,Active
USER000230,2025-11-12,Active
USER000231,2025-03-06,Active
USER000232,2025-05-06,Active
USER000233,2023-10-10,Active
USER000234,2025-02-24,Inactive
USER000235,2025-05-16,Active
USER000236,2024-01-16,Active
USER000237,2025-09-23,Active
USER000238,2023-12-21,Active
USER000239,2023-12-08,Active
USER000240,2025-09-29,Inactive
USER000241,2024-08-14,Active
USER000242,2023-10-15,Active
USER000243,2024-01-19,Active
USER000244,2024-10-06,Active
USER000245,2025-07-12,Active
USER000246,2023-04-20,Active
USER000247,2025-01-05,Inactive
USER000248,2023-01-20,Active
USER000249,2025-09-19,Active
USER000250,2023-10-07,Active
USER000251,2024-02-04,Active
USER000252,2025-02-25,Active
USER000253,2025-11-01,Inactive
USER000254,2025-10-10,Active
USER000255,2025-04-17,Active
USER000256,2025-10-04,Active
USER000257,2025-05-01,Inactive
USER000258,2025-06-28,Active
USER000259,2025-09-27,Active
USER000260,2023-12-09,Active
USER000261,2023-06-19,Active
USER000262,2023-03-05,Active
USER000263,2024-03-27,Active
USER000264,2024-08-21,Inactive
USER000265,2023-03-08,Active
USER000266,2024-07-16,Active
USER000267,2024-04-05,Active
USER000268,2024-08-14,Inactive
USER000269,2023-12-11,Active
USER000270,2025-07-25,Active
USER000271,2025-10-11,Active
USER000272,2025-11-12,Active
USER000273,2023-08-20,Active
USER000274,2023-08-22,Active
USER000275,2024-07-02,Active
USER000276,2025-01-21,Active
USER000277,2023-03-27,Active
USER000278,2025-06-22,Active
USER000279,2024-03-23,Active
USER000280,2025-05-20,Active
USER000281,2023-07-29,Active
USER000282,2024-05-21,Active
USER000283,2024-09-01,Active
USER000284,2023-03-08,Active
USER000285,2025-07-10,Active
USER000286,2024-06-22,Active
USER000287,2024-12-14,Active
USER000288,2023-06-28,Active
USER000289,2025-06-18,Active
USER000290,2023-08-29,Active
USER000291,2024-04-30,Active
USER000292,2024-03-05,Active
USER000293,2024-12-19,Active
USER000294,2025-05-26,Active
USER000295,2023-12-06,Active
USER000296,2023-10-13,Active
USER000297,2024-02-28,Active
USER000298,2024-02-28,Active
USER000299,2023-05-02,Inactive
USER000300,2024-12-19,Active
USER000301,2025-12-26,Active
USER000302,2024-07-29,Active
USER000303,2023-12-11,Active
USER000304,2024-10-24,Active
USER000305,2024-08-22,Active
USER000306,2024-08-15,Active
USER000307,2024-07-01,Active
USER000308,2025-11-19,Active
USER000309,2023-07-15,Active
USER000310,2023-10-05,Active
USER000311,2025-04-22,Active
USER000312,2023-05-02,Active
USER000313,2024-07-21,Active
USER000314,2023-09-17,Active
USER000315,2023-09-29,Inactive
USER000316,2024-05-26,Active
USER000317,2023-10-27,Active
USER000318,2024-10-21,Active
USER000319,2024-05-21,Active
USER000320,2025-03-15,Active
USER000321,2025-09-29,Active
USER000322,2023-10-19,Active
USER000323,2024-07-04,Active
USER000324,2025-04-28,Active
USER000325,2025-02-07,Active
USER000326,2025-07-14,Active
USER000327,2023-06-04,Active
USER000328,2023-07-10,Active
USER000329,2025-04-05,Active
USER000330,2025-11-21,Active
USER000331,2024-07-23,Active
USER000332,2025-01-25,Active
USER000333,2025-07-20,Inactive
USER000334,2025-09-26,Inactive
USER000335,2024-11-01,Active
USER000336,2023-01-06,Active
USER000337,2023-07-10,Inactive
USER000338,2025-07-27,Inactive
USER000339,2025-01-03,Active
USER000340,2023-05-10,Active
USER000341,2025-12-30,Active
USER000342,2025-03-25,Active
USER000343,2024-03-22,Active
USER000344,2025-05-29,Active
USER000345,2024-03-09,Active
USER000346,2025-10-10,Active
USER000347,2024-07-03,Active
USER000348,2024-10-23,Inactive
USER000349,2024-08-03,Active
USER000350,2024-11-22,Active
USER000351,2023-09-25,Active
USER000352,2025-09-20,Active
USER000353,2024-12-04,Active
USER000354,2023-04-10,Active
USER000355,2023-04-05,Active
USER000356,2023-07-23,Active
USER000357,2025-07-30,Active
USER000358,2023-02-03,Active
USER000359,2023-09-12,Active
USER000360,2023-11-20,Active
USER000361,2025-06-22,Active
USER000362,2025-07-23,Active
USER000363,2023-01-02,Active
USER000364,2025-05-26,Active
USER000365,2024-02-19,Active
USER000366,2023-09-28,Active
USER000367,2024-09-10,Active
USER000368,2023-11-22,Inactive
USER000369,2024-07-15,Active
USER000370,2023-07-11,Active
USER000371,2025-01-08,Active
USER000372,2024-05-27,Active
USER000373,2023-06-18,Active
USER000374,2025-01-31,Active
USER000375,2023-12-05,Active
USER000376,2023-04-17,Active
USER000377,2025-03-22,Active
USER000378,2024-09-17,Active
USER000379,2024-04-24,Active
USER000380,2025-05-29,Active
USER000381,2023-07-06,Active
USER000382,2023-07-14,Active
USER000383,2023-01-03,Active
USER000384,2024-03-13,Active
USER000385,2025-09-03,Active
USER000386,2023-06-09,Active
USER000387,2023-09-29,Active
USER000388,2024-04-08,Active
USER000389,2025-11-29,Active
USER000390,2025-06-30,Active
USER000391,2023-01-20,Active
USER000392,2023-01-17,Active
USER000393,2024-12-04,Active
USER000394,2023-09-04,Active
USER000395,2025-05-14,Active
USER000396,2023-09-28,Active
USER000397,2025-09-05,Inactive
USER000398,2023-05-26,Active
USER000399,2024-04-13,Active
USER000400,2025-02-23,Active
USER000401,2023-07-02,Active
USER000402,2023-07-29,Active
USER000403,2023-07-31,Inactive
USER000404,2024-10-03,Active
USER000405,2025-01-22,Active
USER000406,2024-09-04,Active
USER000407,2023-10-08,Active
USER000408,2025-02-22,Active
USER000409,2023-09-30,Active
USER000410,2023-10-20,Active
USER000411,2023-05-21,Active
USER000412,2025-12-22,Active
USER000413,2023-01-18,Active
USER000414,2023-12-03,Active
USER000415,2025-06-20,Active
USER000416,2024-12-20,Active
USER000417,2024-03-12,Active
USER000418,2023-11-07,Active
USER000419,2025-04-23,Active
USER000420,2025-06-25,Active
USER000421,2024-03-20,Active
USER000422,2023-06-27,Active
USER000423,2023-07-25,Active
USER000424,2023-10-14,Active
USER000425,2023-09-10,Active
USER000426,2025-02-25,Active
USER000427,2024-12-20,Active
USER000428,2025-05-29,Active
USER000429,2024-10-06,Active
USER000430,2023-10-14,Active
USER000431,2024-05-22,Active
USER000432,2024-07-21,Active
USER000433,2023-06-22,Active
USER000434,2024-05-23,Active
USER000435,2024-08-06,Active
USER000436,2023-02-24,Active
USER000437,2024-09-09,Active
USER000438,2024-02-25,Active
USER000439,2025-11-26,Active
USER000440,2025-11-09,Active
USER000441,2024-01-22,Inactive
USER000442,2025-03-13,Active
USER000443,2024-08-28,Active
USER000444,2023-04-22,Active
USER000445,2024-05-05,Active
USER000446,2025-10-10,Active
USER000447,2025-03-01,Inactive
USER000448,2023-08-19,Active
USER000449,2024-05-08,Active
USER000450,2025-10-20,Active
USER000451,2023-05-26,Active
USER000452,2025-12-17,Active
USER000453,2023-01-25,Active
USER000454,2025-01-09,Active
USER000455,2024-10-10,Active
USER000456,2023-09-28,Active
USER000457,2025-03-03,Active
USER000458,2025-05-11,Active
USER000459,2025-01-18,Active
USER000460,2023-12-20,Active
USER000461,2025-08-22,Active
USER000462,2023-05-30,Active
USER000463,2023-02-04,Active
USER000464,2023-05-19,Active
USER000465,2023-01-29,Active
USER000466,2024-06-20,Active
USER000467,2024-03-17,Active
USER000468,2023-03-23,Active
USER000469,2023-05-04,Active
USER000470,2025-03-26,Active
USER000471,2025-11-03,Active
USER000472,2024-08-09,Active
USER000473,2025-10-23,Active
USER000474,2025-04-30,Inactive
USER000475,2025-05-17,Inactive
USER000476,2025-04-03,Active
USER000477,2023-06-18,Active
USER000478,2023-11-09,Active
USER000479,2024-07-22,Active
USER000480,2023-06-21,Active
USER000481,2024-09-26,Active
USER000482,2023-06-11,Active
USER000483,2025-11-13,Inactive
USER000484,2024-02-21,Active
USER000485,2023-11-15,Active
USER000486,2024-10-31,Active
USER000487,2025-03-11,Active
USER000488,2023-05-16,Active
USER000489,2024-09-27,Active
USER000490,2025-06-14,Active
USER000491,2024-05-03,Active
USER000492,2023-04-29,Active
USER000493,2024-05-15,Active
USER000494,2023-06-26,Active
USER000495,2025-06-08,Active
USER000496,2023-08-26,Active
USER000497,2025-07-17,Active
USER000498,2023-04-23,Active
USER000499,2024-09-25,Active
USER000500,2023-12-26,Inactive
USER000501,2023-09-02,Active
USER000502,2023-01-26,Active
USER000503,2023-10-09,Active
USER000504,2023-01-24,Active
USER000505,2023-12-02,Active
USER000506,2025-10-13,Active
USER000507,2024-12-11,Active
USER000508,2025-12-07,Active
USER000509,2025-11-25,Active
USER000510,2024-06-14,Active
USER000511,2023-12-08,Inactive
USER000512,2025-01-31,Active
USER000513,2023-09-17,Active
USER000514,2024-07-04,Active
USER000515,2023-08-30,Active
USER000516,2023-03-02,Active
USER000517,2024-11-17,Active
USER000518,2025-05-29,Active
USER000519,2024-07-11,Active
USER000520,2025-12-08,Active
USER000521,2023-05-11,Active
USER000522,2024-06-22,Inactive
USER000523,2023-06-07,Active
USER000524,2025-10-13,Active
USER000525,2025-07-21,Active
USER000526,2025-11-12,Active
USER000527,2025-01-07,Active
USER000528,2023-04-24,Active
USER000529,2025-10-20,Active
USER000530,2023-12-08,Inactive
USER000531,2025-01-23,Active
USER000532,2023-11-19,Active
USER000533,2024-06-06,Active
USER000534,2023-07-30,Active
USER000535,2023-08-25,Active
USER000536,2024-04-12,Active
USER000537,2025-11-08,Active
USER000538,2023-01-06,Active
USER000539,2023-04-01,Active
USER000540,2023-01-26,Active
USER000541,2024-05-15,Active
USER000542,2023-04-05,Active
USER000543,2025-08-24,Active
USER000544,2025-01-15,Active
USER000545,2025-02-23,Inactive
USER000546,2023-11-04,Active
USER000547,2024-01-02,Active
USER000548,2023-03-14,Active
USER000549,2025-05-08,Active
USER000550,2024-04-04,Active
USER000551,2024-10-21,Active
USER000552,2024-05-23,Active
USER000553,2025-05-02,Active
USER000554,2024-10-17,Active
USER000555,2024-07-09,Active
USER000556,2023-06-09,Active
USER000557,2025-02-02,Active
USER000558,2023-09-02,Active
USER000559,2025-10-25,Active
USER000560,2023-04-18,Active
USER000561,2024-01-03,Inactive
USER000562,2024-04-02,Active
USER000563,2025-11-22,Active
USER000564,2023-04-05,Active
USER000565,2025-04-01,Active
USER000566,2023-05-22,Active
USER000567,2025-08-10,Active
USER000568,2024-08-01,Active
USER000569,2024-09-28,Active
USER000570,2024-11-01,Inactive
USER000571,2023-06-26,Active
USER000572,2025-07-24,Active
USER000573,2023-01-17,Active
USER000574,2025-01-25,Active
USER000575,2024-02-15,Active
USER000576,2024-08-20,Active
USER000577,2024-09-14,Active
USER000578,2024-05-11,Active
USER000579,2025-08-08,Active
USER000580,2025-01-24,Active
USER000581,2025-10-07,Inactive
USER000582,2024-02-05,Active
USER000583,2024-05-17,Active
USER000584,2023-11-05,Active
USER000585,2023-01-14,Active
USER000586,2025-04-19,Active
USER000587,2023-02-18,Active
USER000588,2024-04-22,Active
USER000589,2024-12-10,Active
USER000590,2023-01-20,Active
USER000591,2024-11-17,Active
USER000592,2023-01-03,Active
USER000593,2025-02-09,Active
USER000594,2024-09-21,Active
USER000595,2023-08-01,Active
USER000596,2024-02-25,Active
USER000597,2025-12-21,Inactive
USER000598,2024-05-02,Active
USER000599,2025-05-09,Active
USER000600,2025-10-04,Active
USER000601,2023-05-03,Active
USER000602,2023-10-19,Inactive
USER000603,2024-07-27,Inactive
USER000604,2023-07-10,Active
USER000605,2023-03-31,Active
USER000606,2024-04-19,Active
USER000607,2025-11-30,Active
USER000608,2025-04-25,Active
USER000609,2025-02-01,Active
USER000610,2025-07-27,Active
USER000611,2023-06-23,Active
USER000612,2023-07-15,Active
USER000613,2025-11-01,Active
USER000614,2023-10-01,Active
USER000615,2025-03-18,Active
USER000616,2023-06-03,Active
USER000617,2023-05-08,Active
USER000618,2025-06-09,Active
USER000619,2023-09-25,Active
USER000620,2024-04-29,Active
USER000621,2024-08-20,Inactive
USER000622,2024-06-18,Inactive
USER000623,2024-10-07,Active
USER000624,2025-03-15,Active
USER000625,2024-10-30,Active
USER000626,2024-10-13,Active
USER000627,2025-07-16,Active
USER000628,2024-07-10,Active
USER000629,2024-04-23,Active
USER000630,2023-06-02,Active
USER000631,2024-02-20,Active
USER000632,2023-10-06,Active
USER000633,2023-08-12,Active
USER000634,2023-11-15,Inactive
USER000635,2023-08-05,Inactive
USER000636,2023-12-03,Active
USER000637,2025-07-09,Active
USER000638,2025-08-12,Active
USER000639,2024-10-05,Active
USER000640,2025-04-12,Active
USER000641,2023-09-05,Active
USER000642,2025-01-03,Active
USER000643,2024-03-01,Active
USER000644,2025-07-14,Active
USER000645,2024-09-23,Inactive
USER000646,2025-08-06,Active
USER000647,2024-06-26,Active
USER000648,2023-09-03,Active
USER000649,2023-07-05,Active
USER000650,2023-11-19,Active
USER000651,2024-09-15,Active
USER000652,2023-03-24,Active
USER000653,2024-03-16,Active
USER000654,2024-11-02,Active
USER000655,2023-10-31,Active
USER000656,2023-07-06,Active
USER000657,2024-05-23,Active
USER000658,2024-12-29,Active
USER000659,2025-03-22,Active
USER000660,2025-11-17,Active
USER000661,2023-04-11,Active
USER000662,2024-09-04,Active
USER000663,2024-06-16,Active
USER000664,2023-12-23,Active
USER000665,2023-03-05,Active
USER000666,2025-04-08,Inactive
USER000667,2025-07-15,Active
USER000668,2024-05-26,Active
USER000669,2023-07-13,Active
USER000670,2025-08-04,Active
USER000671,2023-07-28,Active
USER000672,2023-10-14,Active
USER000673,2023-09-06,Active
USER000674,2023-01-25,Active
USER000675,2023-05-07,Active
USER000676,2024-03-31,Inactive
USER000677,2023-09-25,Active
USER000678,2024-02-10,Active
USER000679,2025-03-31,Inactive
USER000680,2025-02-01,Active
USER000681,2023-06-22,Active
USER000682,2024-06-14,Inactive
USER000683,2023-06-03,Active
USER000684,2023-02-14,Active
USER000685,2023-05-13,Active
USER000686,2024-02-09,Inactive
USER000687,2025-06-27,Active
USER000688,2023-09-21,Active
USER000689,2023-07-08,Active
USER000690,2024-11-10,Active
USER000691,2023-09-08,Active
USER000692,2023-03-29,Active
USER000693,2025-08-02,Active
USER000694,2023-04-14,Active
USER000695,2023-12-11,Active
USER000696,2025-06-06,Active
USER000697,2025-03-19,Active
USER000698,2025-10-13,Active
USER000699,2023-03-02,Active
USER000700,2025-02-22,Active
USER000701,2025-05-23,Active
USER000702,2023-12-20,Active
USER000703,2024-12-25,Active
USER000704,2024-03-15,Active
USER000705,2024-01-19,Active
USER000706,2024-07-17,Active
USER000707,2024-07-27,Active
USER000708,2025-07-02,Active
USER000709,2023-11-01,Active
USER000710,2023-03-12,Inactive
USER000711,2024-05-18,Active
USER000712,2024-08-27,Active
USER000713,2025-10-18,Active
USER000714,2025-04-23,Active
USER000715,2025-09-08,Active
USER000716,2023-05-05,Active
USER000717,2023-06-29,Active
USER000718,2024-07-26,Active
USER000719,2025-02-23,Inactive
USER000720,2023-10-09,Active
USER000721,2025-05-08,Inactive
USER000722,2024-02-13,Active
USER000723,2025-12-12,Active
USER000724,2024-05-25,Active
USER000725,2023-02-09,Active
USER000726,2025-02-22,Active
USER000727,2025-01-05,Active
USER000728,2025-09-09,Active
USER000729,2025-09-19,Active
USER000730,2024-12-05,Active
USER000731,2025-10-25,Active
USER000732,2024-10-20,Active
USER000733,2025-03-06,Active
USER000734,2024-07-07,Active
USER000735,2024-01-04,Inactive
USER000736,2023-02-23,Active
USER000737,2024-10-15,Active
USER000738,2024-03-24,Active
USER000739,2023-03-02,Active
USER000740,2024-07-29,Active
USER000741,2023-04-30,Active
USER000742,2025-08-24,Active
USER000743,2025-12-20,Active
USER000744,2025-01-02,Active
USER000745,2024-04-21,Active
USER000746,2023-11-23,Active
USER000747,2023-07-25,Active
USER000748,2024-05-22,Active
USER000749,2024-05-08,Active
USER000750,2024-06-29,Active
USER000751,2025-12-28,Active
USER000752,2023-04-25,Active
USER000753,2024-03-25,Active
USER000754,2025-03-06,Active
USER000755,2024-12-27,Active
USER000756,2023-12-22,Active
USER000757,2023-12-27,Active
USER000758,2024-04-29,Inactive
USER000759,2024-10-13,Active
USER000760,2025-01-04,Active
USER000761,2023-02-27,Active
USER000762,2024-12-21,Active
USER000763,2023-10-19,Active
USER000764,2024-01-21,Active
USER000765,2025-10-05,Inactive
USER000766,2024-09-24,Inactive
USER000767,2023-12-26,Active
USER000768,2025-10-01,Active
USER000769,2023-03-19,Active
USER000770,2023-07-04,Active
USER000771,2023-04-26,Active
USER000772,2024-04-21,Active
USER000773,2024-03-24,Active
USER000774,2023-02-10,Active
USER000775,2025-12-14,Active
USER000776,2025-09-05,Active
USER000777,2023-01-02,Active
USER000778,2024-11-10,Active
USER000779,2024-02-17,Active
USER000780,2023-09-25,Active
USER000781,2024-11-28,Active
USER000782,2023-12-30,Inactive
USER000783,2024-10-24,Active
USER000784,2023-05-02,Active
USER000785,2023-02-14,Active
USER000786,2023-10-30,Active
USER000787,2023-10-18,Active
USER000788,2023-08-16,Active
USER000789,2025-12-13,Active
USER000790,2025-01-17,Active
USER000791,2023-05-29,Active
USER000792,2025-02-04,Active
USER000793,2025-03-21,Active
USER000794,2023-07-26,Active
USER000795,2024-11-20,Active
USER000796,2024-09-10,Active
USER000797,2024-10-22,Active
USER000798,2023-10-07,Active
USER000799,2023-11-19,Active
USER000800,2025-06-13,Inactive
USER000801,2025-09-24,Inactive
USER000802,2024-10-11,Active
USER000803,2023-12-23,Active
USER000804,2024-12-31,Active
USER000805,2024-04-02,Active
USER000806,2023-12-26,Inactive
USER000807,2025-02-13,Inactive
USER000808,2024-09-20,Active
USER000809,2024-08-26,Active
USER000810,2023-09-18,Active
USER000811,2023-12-30,Active
USER000812,2023-01-04,Active
USER000813,2025-03-12,Active
USER000814,2023-03-08,Inactive
USER000815,2024-01-08,Inactive
USER000816,2024-10-13,Active
USER000817,2024-03-28,Active
USER000818,2023-08-02,Active
USER000819,2025-10-13,Active
USER000820,2023-10-16,Active
USER000821,2024-11-09,Active
USER000822,2023-06-09,Active
USER000823,2024-05-02,Active
USER000824,2024-12-11,Active
USER000825,2024-10-16,Active
USER000826,2023-12-10,Active
USER000827,2023-07-01,Active
USER000828,2024-11-18,Active
USER000829,2025-07-03,Active
USER000830,2023-01-24,Active
USER000831,2024-06-27,Active
USER000832,2024-03-05,Active
USER000833,2024-05-26,Active
USER000834,2023-05-19,Active
USER000835,2024-12-18,Active
USER000836,2024-06-09,Active
USER000837,2023-08-10,Active
USER000838,2023-01-03,Active
USER000839,2023-04-09,Active
USER000840,2025-03-01,Active
USER000841,2025-06-16,Active
USER000842,2025-05-09,Inactive
USER000843,2023-12-07,Active
USER000844,2025-04-27,Active
USER000845,2025-10-06,Active
USER000846,2025-02-14,Active
USER000847,2024-12-20,Active
USER000848,2025-02-07,Active
USER000849,2023-07-27,Inactive
USER000850,2025-09-08,Active
USER000851,2024-04-06,Active
USER000852,2023-11-30,Active
USER000853,2025-07-13,Inactive
USER000854,2023-05-31,Active
USER000855,2023-03-10,Active
USER000856,2024-08-26,Active
USER000857,2023-02-11,Inactive
USER000858,2024-10-14,Active
USER000859,2024-06-18,Active
USER000860,2023-08-03,Active
USER000861,2023-06-01,Inactive
USER000862,2024-12-01,Active
USER000863,2023-12-15,Active
USER000864,2025-02-07,Active
USER000865,2023-11-26,Active
USER000866,2023-06-03,Active
USER000867,2023-07-10,Active
USER000868,2024-11-23,Active
USER000869,2025-09-15,Active
USER000870,2023-03-05,Inactive
USER000871,2025-06-02,Active
USER000872,2023-12-04,Inactive
USER000873,2025-06-08,Active
USER000874,2023-11-18,Active
USER000875,2023-04-20,Active
USER000876,2023-07-27,Active
USER000877,2024-11-09,Active
USER000878,2024-02-25,Active
USER000879,2024-01-25,Active
USER000880,2025-04-18,Active
USER000881,2024-06-27,Active
USER000882,2024-07-30,Active
USER000883,2024-09-01,Active
USER000884,2024-05-01,Active
USER000885,2023-07-16,Inactive
USER000886,2023-04-12,Active
USER000887,2025-03-15,Inactive
USER000888,2025-10-02,Active
USER000889,2023-11-11,Active
USER000890,2023-04-22,Active
USER000891,2025-01-08,Active
USER000892,2023-01-08,Active
USER000893,2025-05-25,Active
USER000894,2023-06-29,Inactive
USER000895,2024-08-26,Inactive
USER000896,2025-09-10,Active
USER000897,2024-02-13,Active
USER000898,2023-07-18,Inactive
USER000899,2023-02-22,Active
USER000900,2024-02-28,Active
USER000901,2023-12-16,Active
USER000902,2024-08-20,Active
USER000903,2023-06-17,Inactive
USER000904,2025-08-27,Active
USER000905,2023-08-25,Active
USER000906,2024-09-23,Active
USER000907,2025-03-25,Active
USER000908,2025-08-22,Active
USER000909,2025-09-28,Active
USER000910,2024-06-26,Active
USER000911,2023-07-06,Active
USER000912,2025-03-04,Active
USER000913,2024-01-14,Active
USER000914,2025-01-29,Active
USER000915,2025-02-20,Inactive
USER000916,2025-01-26,Active
USER000917,2024-01-18,Active
USER000918,2025-07-01,Active
USER000919,2023-04-02,Active
USER000920,2024-06-23,Active
USER000921,2025-06-19,Active
USER000922,2025-08-10,Active
USER000923,2024-06-23,Active
USER000924,2024-04-08,Active
USER000925,2024-07-04,Active
USER000926,2023-05-07,Active
USER000927,2023-11-06,Active
USER000928,2023-07-18,Active
USER000929,2023-06-25,Active
USER000930,2024-12-05,Active
USER000931,2025-04-27,Active
USER000932,2024-04-10,Active
USER000933,2023-05-05,Active
USER000934,2025-03-03,Active
USER000935,2025-12-06,Active
USER000936,2025-05-07,Active
USER000937,2025-08-30,Active
USER000938,2024-04-27,Active
USER000939,2025-09-02,Active
USER000940,2024-09-04,Active
USER000941,2023-06-11,Active
USER000942,2025-03-19,Active
USER000943,2023-03-13,Active
USER000944,2025-10-25,Active
USER000945,2025-11-24,Inactive
USER000946,2023-10-29,Active
USER000947,2023-09-04,Inactive
USER000948,2025-07-08,Active
USER000949,2023-12-21,Active
USER000950,2023-12-09,Inactive
USER000951,2024-03-09,Active
USER000952,2024-01-30,Active
USER000953,2023-09-16,Active
USER000954,2023-03-29,Active
USER000955,2025-05-17,Active
USER000956,2023-06-10,Active
USER000957,2025-06-10,Active
USER000958,2024-02-18,Active
USER000959,2023-10-30,Inactive
USER000960,2024-06-12,Active
USER000961,2024-10-16,Active
USER000962,2023-05-18,Active
USER000963,2023-06-28,Active
USER000964,2025-03-05,Active
USER000965,2025-03-24,Inactive
USER000966,2024-10-29,Active
USER000967,2024-07-19,Inactive
USER000968,2025-11-30,Active
USER000969,2025-07-27,Active
USER000970,2023-01-26,Active
USER000971,2025-12-06,Active
USER000972,2025-05-09,Active
USER000973,2023-08-19,Active
USER000974,2025-04-28,Active
USER000975,2023-11-03,Active
USER000976,2023-10-31,Active
USER000977,2023-07-25,Inactive
USER000978,2023-08-05,Active
USER000979,2023-07-26,Active
USER000980,2024-08-08,Active
USER000981,2024-12-05,Active
USER000982,2025-04-21,Active
USER000983,2024-06-24,Active
USER000984,2025-02-23,Active
USER000985,2025-09-21,Active
USER000986,2025-08-26,Active
USER000987,2023-03-18,Active
USER000988,2023-12-19,Active
USER000989,2024-07-18,Active
USER000990,2025-04-05,Active
USER000991,2023-10-22,Active
USER000992,2025-04-02,Active
USER000993,2023-03-21,Inactive
USER000994,2025-03-21,Inactive
USER000995,2024-11-09,Active
USER000996,2024-05-01,Active
USER000997,2023-04-11,Active
USER000998,2025-08-31,Active
USER000999,2024-07-04,Active
USER001000,2025-02-01,Active
USER001001,2023-02-11,Active
USER001002,2024-11-22,Active
USER001003,2024-09-12,Active
USER001004,2024-09-28,Active
USER001005,2024-07-28,Active
USER001006,2025-10-03,Active
USER001007,2023-07-21,Inactive
USER001008,2024-04-11,Active
USER001009,2023-10-03,Active
USER001010,2024-09-07,Inactive
USER001011,2025-06-26,Active
USER001012,2024-10-19,Active
USER001013,2024-07-05,Active
USER001014,2025-05-03,Inactive
USER001015,2023-07-02,Active
USER001016,2024-01-20,Active
USER001017,2025-06-23,Active
USER001018,2024-03-08,Active
USER001019,2025-04-13,Inactive
USER001020,2025-09-19,Active
USER001021,2025-11-23,Active
USER001022,2025-02-04,Inactive
USER001023,2023-04-26,Active
USER001024,2025-11-21,Inactive
USER001025,2023-11-22,Active
USER001026,2023-05-15,Active
USER001027,2024-09-29,Active
USER001028,2025-11-03,Active
USER001029,2025-04-06,Active
USER001030,2023-10-05,Active
USER001031,2025-12-09,Active
USER001032,2023-03-01,Active
USER001033,2023-12-22,Active
USER001034,2024-01-30,Active
USER001035,2024-02-16,Active
USER001036,2023-04-29,Active
USER001037,2024-05-25,Active
USER001038,2023-03-09,Active
USER001039,2025-07-23,Active
USER001040,2023-04-14,Active
USER001041,2025-01-08,Active
USER001042,2024-02-12,Active
USER001043,2024-07-15,Active
USER001044,2025-01-24,Active
USER001045,2025-08-08,Active
USER001046,2025-10-31,Active
USER001047,2025-03-23,Active
USER001048,2023-09-11,Active
USER001049,2023-03-04,Inactive
USER001050,2024-05-10,Active
USER001051,2025-02-01,Active
USER001052,2025-09-28,Active
USER001053,2025-07-02,Active
USER001054,2023-12-30,Active
USER001055,2025-08-29,Active
USER001056,2024-12-17,Active
USER001057,2024-12-06,Active
USER001058,2023-12-01,Active
USER001059,2024-06-13,Active
USER001060,2023-07-05,Active
USER001061,2024-08-06,Active
USER001062,2023-02-26,Active
USER001063,2025-03-02,Active
USER001064,2023-04-12,Active
USER001065,2023-11-30,Inactive
USER001066,2024-03-14,Active
USER001067,2024-03-29,Active
USER001068,2024-04-06,Active
USER001069,2024-02-28,Active
USER001070,2024-07-05,Active
USER001071,2025-04-18,Active
USER001072,2025-11-17,Active
USER001073,2023-02-11,Active
USER001074,2023-01-19,Active
USER001075,2025-08-28,Active
USER001076,2023-09-28,Active
USER001077,2023-12-21,Active
USER001078,2023-01-18,Inactive
USER001079,2024-04-03,Active
USER001080,2024-05-31,Active
USER001081,2024-09-17,Active
USER001082,2024-07-17,Active
USER001083,2025-05-17,Active
USER001084,2025-02-10,Active
USER001085,2024-12-15,Active
USER001086,2025-07-29,Active
USER001087,2024-05-31,Active
USER001088,2024-03-22,Active
USER001089,2025-08-13,Inactive
USER001090,2024-09-10,Active
USER001091,2025-12-02,Active
USER001092,2025-03-24,Active
USER001093,2023-07-29,Active
USER001094,2023-01-16,Active
USER001095,2025-11-13,Inactive
USER001096,2025-02-05,Active
USER001097,2024-08-01,Active
USER001098,2024-09-03,Active
USER001099,2023-08-10,Active
USER001100,2025-09-13,Active
USER001101,2023-05-11,Active
USER001102,2024-11-19,Active
USER001103,2024-07-20,Inactive
USER001104,2024-10-27,Active
USER001105,2024-07-21,Active
USER001106,2024-06-18,Active
USER001107,2024-09-03,Inactive
USER001108,2024-01-21,Active
USER001109,2023-11-04,Inactive
USER001110,2025-11-25,Active
USER001111,2024-05-07,Active
USER001112,2023-04-27,Active
USER001113,2025-04-07,Active
USER001114,2024-10-16,Active
USER001115,2023-10-14,Active
USER001116,2023-02-22,Active
USER001117,2025-10-15,Active
USER001118,2024-08-28,Active
USER001119,2024-06-15,Active
USER001120,2025-05-07,Active
USER001121,2025-04-08,Active
USER001122,2025-03-06,Active
USER001123,2023-03-14,Active
USER001124,2024-01-24,Inactive
USER001125,2024-12-03,Active
USER001126,2024-03-31,Active
USER001127,2025-12-30,Inactive
USER001128,2025-09-01,Active
USER001129,2025-01-04,Inactive
USER001130,2025-11-04,Active
USER001131,2024-09-06,Active
USER001132,2023-12-15,Active
USER001133,2024-01-06,Active
USER001134,2024-08-24,Active
USER001135,2023-07-19,Active
USER001136,2025-08-22,Active
USER001137,2023-09-20,Active
USER001138,2024-06-13,Active
USER001139,2024-01-10,Active
USER001140,2024-11-18,Inactive
USER001141,2023-07-02,Active
USER001142,2024-03-31,Active
USER001143,2024-12-28,Active
USER001144,2024-04-02,Active
USER001145,2024-09-20,Active
USER001146,2025-05-11,Active
USER001147,2024-11-09,Active
USER001148,2025-01-31,Active
USER001149,2024-06-17,Active
USER001150,2024-08-25,Active
USER001151,2025-08-07,Active
USER001152,2023-08-30,Active
USER001153,2025-08-21,Inactive
USER001154,2023-04-20,Inactive
USER001155,2023-05-26,Active
USER001156,2025-08-25,Active
USER001157,2024-02-03,Active
USER001158,2025-10-21,Active
USER001159,2023-09-03,Active
USER001160,2025-02-20,Active
USER001161,2025-12-21,Active
USER001162,2024-09-03,Active
USER001163,2025-04-26,Active
USER001164,2023-04-21,Inactive
USER001165,2023-11-05,Active
USER001166,2023-10-09,Active
USER001167,2024-02-15,Active
USER001168,2024-12-02,Active
USER001169,2025-04-18,Inactive
USER001170,2025-07-26,Inactive
USER001171,2023-10-21,Active
USER001172,2024-10-09,Active
USER001173,2024-01-05,Active
USER001174,2023-06-15,Active
USER001175,2025-09-25,Active
USER001176,2024-11-12,Active
USER001177,2023-12-29,Active
USER001178,2024-10-03,Active
USER001179,2023-04-29,Active
USER001180,2023-01-10,Active
USER001181,2025-07-14,Active
USER001182,2024-07-14,Active
USER001183,2024-03-04,Active
USER001184,2023-12-12,Inactive
USER001185,2023-11-21,Active
USER001186,2025-09-29,Active
USER001187,2023-06-30,Active
USER001188,2023-09-23,Active
USER001189,2025-06-07,Active
USER001190,2025-05-29,Active
USER001191,2025-04-06,Active
USER001192,2025-05-28,Active
USER001193,2025-09-04,Active
USER001194,2025-02-24,Inactive
USER001195,2023-01-10,Active
USER001196,2023-03-19,Active
USER001197,2025-12-29,Active
USER001198,2024-02-13,Active
USER001199,2025-02-03,Active
USER001200,2023-01-29,Active
USER001201,2024-10-21,Active
USER001202,2025-12-23,Active
USER001203,2024-01-26,Active
USER001204,2023-02-06,Active
USER001205,2023-01-09,Inactive
USER001206,2024-05-24,Active
USER001207,2024-04-08,Inactive
USER001208,2024-12-06,Active
USER001209,2024-10-01,Active
USER001210,2023-09-22,Active
USER001211,2023-07-30,Active
USER001212,2025-02-24,Active
USER001213,2025-10-27,Active
USER001214,2024-09-18,Inactive
USER001215,2023-12-09,Active
USER001216,2023-05-14,Active
USER001217,2023-04-04,Active
USER001218,2024-09-02,Active
USER001219,2024-08-18,Active
USER001220,2025-07-22,Active
USER001221,2025-12-01,Active
USER001222,2025-12-09,Active
USER001223,2024-11-22,Inactive
USER001224,2025-06-07,Active
USER001225,2023-10-02,Inactive
USER001226,2024-12-02,Active
USER001227,2025-09-30,Active
USER001228,2025-01-05,Active
USER001229,2024-01-21,Inactive
USER001230,2023-12-04,Active
USER001231,2025-04-06,Active
USER001232,2023-02-09,Active
USER001233,2024-04-12,Active
USER001234,2024-04-04,Active
USER001235,2023-09-26,Active
USER001236,2024-03-08,Active
USER001237,2023-02-14,Active
USER001238,2025-10-30,Active
USER001239,2023-12-13,Active
USER001240,2023-09-10,Active
USER001241,2025-01-20,Active
USER001242,2023-03-18,Active
USER001243,2025-02-07,Active
USER001244,2024-06-07,Active
USER001245,2025-12-31,Active
USER001246,2023-04-10,Active
USER001247,2023-04-09,Active
USER001248,2023-08-10,Active
USER001249,2023-02-10,Active
USER001250,2023-04-09,Active
USER001251,2023-08-26,Active
USER001252,2025-05-03,Active
USER001253,2025-06-28,Active
USER001254,2025-02-17,Active
USER001255,2023-09-11,Active
USER001256,2024-06-01,Active
USER001257,2025-08-29,Inactive
USER001258,2023-11-10,Active
USER001259,2024-02-25,Active
USER001260,2023-01-20,Active
USER001261,2024-09-08,Active
USER001262,2025-05-11,Active
USER001263,2023-07-26,Inactive
USER001264,2025-12-01,Active
USER001265,2024-07-06,Active
USER001266,2023-10-08,Active
USER001267,2025-05-07,Active
USER001268,2023-08-03,Active
USER001269,2025-11-13,Active
USER001270,2023-08-30,Active
USER001271,2024-08-01,Active
USER001272,2023-08-22,Active
USER001273,2023-08-06,Active
USER001274,2025-10-16,Active
USER001275,2024-02-11,Active
USER001276,2024-02-14,Inactive
USER001277,2024-06-22,Active
USER001278,2025-12-07,Active
USER001279,2024-02-18,Active
USER001280,2025-01-03,Active
USER001281,2025-04-19,Active
USER001282,2024-08-27,Active
USER001283,2023-11-25,Active
USER001284,2023-03-22,Active
USER001285,2025-10-13,Active
USER001286,2024-03-01,Active
USER001287,2025-09-11,Active
USER001288,2024-11-08,Active
USER001289,2024-04-25,Active
USER001290,2023-01-06,Active
USER001291,2023-01-27,Active
USER001292,2023-07-02,Active
USER001293,2023-08-15,Active
USER001294,2025-10-08,Active
USER001295,2023-11-02,Active
USER001296,2023-07-04,Active
USER001297,2025-11-13,Active
USER001298,2023-06-03,Active
USER001299,2023-07-27,Active
USER001300,2024-06-08,Active
USER001301,2024-04-18,Active
USER001302,2025-07-24,Active
USER001303,2024-08-29,Active
USER001304,2024-06-24,Active
USER001305,2025-08-08,Active
USER001306,2023-04-13,Active
USER001307,2023-07-24,Active
USER001308,2023-12-24,Active
USER001309,2023-03-22,Active
USER001310,2024-08-18,Active
USER001311,2025-01-07,Active
USER001312,2024-10-02,Inactive
USER001313,2025-05-22,Active
USER001314,2023-08-26,Active
USER001315,2023-07-14,Active
USER001316,2023-04-04,Active
USER001317,2023-01-20,Active
USER001318,2023-10-11,Active
USER001319,2023-12-16,Active
USER001320,2024-11-04,Active
USER001321,2025-01-02,Active
USER001322,2025-06-15,Active
USER001323,2024-07-03,Active
USER001324,2023-07-10,Active
USER001325,2025-02-02,Active
USER001326,2024-12-02,Active
USER001327,2024-01-10,Active
USER001328,2023-08-22,Active
USER001329,2025-03-31,Active
USER001330,2025-03-30,Active
USER001331,2025-07-23,Active
USER001332,2024-07-10,Active
USER001333,2025-02-28,Active
USER001334,2025-09-06,Active
USER001335,2025-05-13,Active
USER001336,2023-12-08,Active
USER001337,2023-08-20,Active
USER001338,2023-09-29,Inactive
USER001339,2023-05-01,Active
USER001340,2023-11-23,Active
USER001341,2023-08-01,Active
USER001342,2025-05-02,Active
USER001343,2025-09-15,Active
USER001344,2025-06-16,Active
USER001345,2024-01-07,Active
USER001346,2025-02-16,Active
USER001347,2025-01-04,Active
USER001348,2023-03-01,Active
USER001349,2023-09-25,Active
USER001350,2025-09-16,Inactive
USER001351,2025-09-26,Inactive
USER001352,2023-08-20,Active
USER001353,2025-04-22,Active
USER001354,2025-06-21,Active
USER001355,2023-04-05,Active
USER001356,2023-05-10,Active
USER001357,2024-06-19,Active
USER001358,2024-10-05,Active
USER001359,2023-01-26,Active
USER001360,2025-12-10,Active
USER001361,2024-04-03,Inactive
USER001362,2024-11-23,Active
USER001363,2025-11-29,Active
USER001364,2025-12-07,Active
USER001365,2023-07-15,Active
USER001366,2025-06-05,Active
USER001367,2024-05-24,Active
USER001368,2025-09-13,Inactive
USER001369,2024-12-09,Active
USER001370,2025-02-27,Active
USER001371,2023-11-01,Active
USER001372,2023-04-22,Active
USER001373,2023-01-24,Active
USER001374,2023-11-18,Active
USER001375,2025-11-01,Active
USER001376,2025-08-19,Active
USER001377,2025-10-12,Active
USER001378,2023-12-05,Active
USER001379,2023-06-03,Active
USER001380,2025-10-03,Inactive
USER001381,2024-10-18,Active
USER001382,2024-05-08,Active
USER001383,2024-11-08,Active
USER001384,2024-07-23,Active
USER001385,2023-04-14,Active
USER001386,2025-11-04,Active
USER001387,2024-04-01,Active
USER001388,2025-02-14,Active
USER001389,2025-04-05,Active
USER001390,2024-04-26,Active
USER001391,2023-06-11,Active
USER001392,2025-07-29,Active
USER001393,2025-06-28,Inactive
USER001394,2025-07-06,Active
USER001395,2023-06-30,Active
USER001396,2025-10-17,Active
USER001397,2025-07-04,Active
USER001398,2024-10-09,Active
USER001399,2023-09-01,Active
USER001400,2025-10-15,Active
USER001401,2023-02-06,Inactive
USER001402,2023-07-30,Inactive
USER001403,2025-04-06,Active
USER001404,2025-04-24,Active
USER001405,2023-03-15,Active
USER001406,2023-01-01,Active
USER001407,2023-07-06,Active
USER001408,2024-09-15,Active
USER001409,2025-11-07,Active
USER001410,2024-02-28,Active
USER001411,2025-07-23,Active
USER001412,2024-11-29,Active
USER001413,2025-01-14,Active
USER001414,2023-04-22,Inactive
USER001415,2024-04-01,Active
USER001416,2025-07-19,Active
USER001417,2024-11-10,Active
USER001418,2025-08-26,Active
USER001419,2025-01-14,Active
USER001420,2025-07-15,Active
USER001421,2023-08-22,Active
USER001422,2023-07-19,Active
USER001423,2024-03-30,Active
USER001424,2023-01-05,Active
USER001425,2024-11-30,Active
USER001426,2024-12-28,Active
USER001427,2024-08-20,Active
USER001428,2025-12-05,Active
USER001429,2025-02-04,Active
USER001430,2023-08-06,Active
USER001431,2023-04-04,Active
USER001432,2023-12-03,Active
USER001433,2025-10-05,Active
USER001434,2023-10-15,Active
USER001435,2025-04-18,Active
USER001436,2023-08-08,Active
USER001437,2024-06-04,Active
USER001438,2024-02-06,Active
USER001439,2024-01-20,Active
USER001440,2023-09-05,Active
USER001441,2025-03-15,Active
USER001442,2024-03-17,Active
USER001443,2025-07-25,Active
USER001444,2024-01-26,Active
USER001445,2024-11-23,Inactive
USER001446,2023-08-09,Active
USER001447,2025-04-28,Inactive
USER001448,2023-04-06,Active
USER001449,2023-09-10,Active
USER001450,2025-07-11,Active
USER001451,2025-07-25,Inactive
USER001452,2025-10-29,Inactive
USER001453,2023-10-03,Active
USER001454,2025-10-18,Inactive
USER001455,2023-01-09,Inactive
USER001456,2025-12-22,Active
USER001457,2023-04-10,Active
USER001458,2025-06-05,Active
USER001459,2025-09-16,Active
USER001460,2025-11-07,Active
USER001461,2023-12-29,Active
USER001462,2023-12-22,Active
USER001463,2023-09-20,Active
USER001464,2023-08-01,Active
USER001465,2025-03-04,Active
USER001466,2024-10-21,Active
USER001467,2025-10-29,Active
USER001468,2025-02-26,Active
USER001469,2025-05-07,Active
USER001470,2024-05-23,Active
USER001471,2024-07-14,Active
USER001472,2025-03-25,Active
USER001473,2024-12-03,Active
USER001474,2024-08-25,Active
USER001475,2025-07-16,Inactive
USER001476,2023-10-01,Active
USER001477,2023-10-10,Active
USER001478,2025-04-25,Active
USER001479,2025-11-15,Active
USER001480,2024-09-04,Active
USER001481,2024-10-04,Active
USER001482,2024-03-21,Active
USER001483,2024-02-16,Active
USER001484,2024-03-05,Active
USER001485,2024-08-18,Active
USER001486,2024-12-08,Active
USER001487,2023-09-29,Active
USER001488,2023-12-31,Active
USER001489,2025-10-28,Inactive
USER001490,2024-10-22,Active
USER001491,2023-08-25,Active
USER001492,2024-12-22,Active
USER001493,2025-09-10,Inactive
USER001494,2025-05-04,Inactive
USER001495,2025-12-29,Active
USER001496,2024-08-08,Active
USER001497,2025-05-15,Active
USER001498,2023-01-27,Active
USER001499,2025-12-06,Active
USER001500,2023-08-07,Active
USER001501,2023-02-21,Active
USER001502,2025-02-19,Active
USER001503,2023-10-25,Active
USER001504,2023-04-19,Active
USER001505,2023-04-26,Active
USER001506,2024-02-14,Active
USER001507,2024-06-30,Active
USER001508,2023-11-26,Active
USER001509,2024-08-09,Active
USER001510,2024-05-28,Active
USER001511,2023-10-27,Active
USER001512,2023-05-08,Active
USER001513,2024-08-27,Active
USER001514,2024-02-22,Inactive
USER001515,2023-03-08,Active
USER001516,2025-01-04,Active
USER001517,2025-07-15,Active
USER001518,2023-07-29,Active
USER001519,2024-04-04,Active
USER001520,2025-03-07,Active
USER001521,2024-05-01,Active
USER001522,2025-11-12,Active
USER001523,2024-08-12,Inactive
USER001524,2023-04-07,Active
USER001525,2025-02-20,Active
USER001526,2025-03-04,Active
USER001527,2025-05-03,Active
USER001528,2024-10-02,Active
USER001529,2023-04-21,Active
USER001530,2023-01-27,Active
USER001531,2024-05-29,Active
USER001532,2024-02-20,Active
USER001533,2025-06-26,Active
USER001534,2024-04-06,Active
USER001535,2025-01-23,Inactive
USER001536,2024-02-07,Active
USER001537,2024-02-01,Active
USER001538,2024-08-25,Active
USER001539,2025-07-08,Active
USER001540,2023-12-30,Active
USER001541,2023-06-02,Active
USER001542,2024-01-18,Active
USER001543,2023-12-22,Active
USER001544,2025-11-18,Active
USER001545,2023-09-02,Active
USER001546,2025-02-11,Active
USER001547,2023-03-25,Active
USER001548,2025-05-27,Active
USER001549,2024-07-25,Active
USER001550,2024-06-25,Active
USER001551,2023-09-24,Inactive
USER001552,2023-11-26,Inactive
USER001553,2024-06-06,Active
USER001554,2023-01-12,Active
USER001555,2024-11-07,Active
USER001556,2025-08-13,Active
USER001557,2023-11-14,Inactive
USER001558,2023-03-23,Inactive
USER001559,2023-11-11,Inactive
USER001560,2024-10-22,Active
USER001561,2023-04-15,Active
USER001562,2024-09-08,Active
USER001563,2025-10-01,Active
USER001564,2025-01-03,Active
USER001565,2023-05-30,Active
USER001566,2024-10-12,Active
USER001567,2025-12-12,Active
USER001568,2024-03-26,Active
USER001569,2024-01-12,Active
USER001570,2025-12-02,Active
USER001571,2023-05-20,Active
USER001572,2025-10-31,Active
USER001573,2023-11-23,Active
USER001574,2025-05-01,Active
USER001575,2025-04-06,Active
USER001576,2023-07-08,Active
USER001577,2024-12-16,Active
USER001578,2024-03-29,Active
USER001579,2024-03-12,Active
USER001580,2024-11-10,Active
USER001581,2024-11-09,Active
USER001582,2025-01-08,Active
USER001583,2024-08-24,Active
USER001584,2024-03-23,Active
USER001585,2025-12-22,Inactive
USER001586,2025-08-30,Active
USER001587,2023-01-19,Active
USER001588,2023-08-23,Active
USER001589,2024-12-09,Active
USER001590,2025-07-01,Active
USER001591,2024-05-07,Active
USER001592,2024-05-14,Active
USER001593,2023-03-23,Active
USER001594,2024-10-19,Active
USER001595,2025-02-20,Active
USER001596,2023-08-21,Active
USER001597,2025-03-01,Active
USER001598,2024-06-09,Active
USER001599,2024-08-02,Active
USER001600,2023-02-20,Active
USER001601,2025-11-24,Active
USER001602,2025-02-06,Inactive
USER001603,2025-11-19,Active
USER001604,2025-11-07,Inactive
USER001605,2025-07-01,Active
USER001606,2025-09-23,Active
USER001607,2023-03-31,Active
USER001608,2024-08-30,Active
USER001609,2024-01-30,Active
USER001610,2024-10-18,Active
USER001611,2025-11-18,Inactive
USER001612,2023-06-18,Active
USER001613,2023-07-16,Active
USER001614,2023-12-09,Active
USER001615,2025-12-28,Active
USER001616,2023-01-16,Active
USER001617,2023-05-15,Active
USER001618,2024-03-07,Active
USER001619,2024-03-12,Active
USER001620,2025-05-18,Active
USER001621,2023-08-01,Inactive
USER001622,2024-02-26,Active
USER001623,2025-06-10,Active
USER001624,2023-05-28,Active
USER001625,2023-11-11,Active
USER001626,2023-02-18,Active
USER001627,2025-07-29,Active
USER001628,2024-11-10,Active
USER001629,2023-03-19,Active
USER001630,2023-06-29,Active
USER001631,2023-05-31,Active
USER001632,2023-04-22,Active
USER001633,2023-12-31,Active
USER001634,2024-05-30,Inactive
USER001635,2023-05-25,Active
USER001636,2024-04-11,Active
USER001637,2024-06-13,Inactive
USER001638,2025-04-14,Inactive
USER001639,2025-03-05,Active
USER001640,2025-07-12,Active
USER001641,2025-04-08,Active
USER001642,2025-06-05,Active
USER001643,2024-10-09,Active
USER001644,2023-02-04,Inactive
USER001645,2025-03-08,Active
USER001646,2023-08-31,Active
USER001647,2025-12-31,Active
USER001648,2023-01-13,Active
USER001649,2023-05-10,Active
USER001650,2023-04-04,Active
USER001651,2023-05-29,Inactive
USER001652,2025-01-02,Active
USER001653,2025-10-26,Active
USER001654,2023-08-06,Active
USER001655,2024-08-16,Active
USER001656,2024-09-09,Inactive
USER001657,2023-06-27,Active
USER001658,2024-07-30,Active
USER001659,2025-06-15,Active
USER001660,2025-02-20,Active
USER001661,2025-03-20,Active
USER001662,2023-03-05,Active
USER001663,2025-08-28,Inactive
USER001664,2023-11-17,Active
USER001665,2025-12-28,Active
USER001666,2024-03-26,Active
USER001667,2023-10-07,Active
USER001668,2025-03-11,Active
USER001669,2024-08-27,Active
USER001670,2023-10-23,Active
USER001671,2024-09-02,Active
USER001672,2025-02-03,Active
USER001673,2023-01-23,Active
USER001674,2023-10-17,Active
USER001675,2023-09-10,Active
USER001676,2023-03-27,Active
USER001677,2023-01-11,Active
USER001678,2025-03-18,Active
USER001679,2023-06-24,Active
USER001680,2024-09-16,Active
USER001681,2024-03-06,Active
USER001682,2024-12-05,Active
USER001683,2024-03-09,Active
USER001684,2025-04-25,Active
USER001685,2025-11-15,Active
USER001686,2023-10-19,Active
USER001687,2023-11-26,Active
USER001688,2024-01-12,Inactive
USER001689,2024-03-28,Active
USER001690,2024-06-01,Active
USER001691,2024-02-02,Active
USER001692,2023-08-23,Active
USER001693,2024-01-07,Active
USER001694,2023-04-22,Active
USER001695,2025-08-02,Active
USER001696,2023-05-30,Active
USER001697,2024-08-18,Active
USER001698,2023-05-18,Active
USER001699,2024-05-28,Active
USER001700,2023-07-21,Inactive
USER001701,2024-02-09,Active
USER001702,2025-09-24,Active
USER001703,2024-11-08,Active
USER001704,2025-01-01,Active
USER001705,2023-09-20,Active
USER001706,2024-04-25,Active
USER001707,2023-07-24,Active
USER001708,2024-08-06,Active
USER001709,2023-05-23,Active
USER001710,2024-02-01,Active
USER001711,2024-10-12,Active
USER001712,2025-09-22,Active
USER001713,2025-07-11,Active
USER001714,2024-11-03,Active
USER001715,2024-09-18,Active
USER001716,2023-11-09,Active
USER001717,2025-01-16,Active
USER001718,2024-10-09,Active
USER001719,2025-05-27,Active
USER001720,2023-12-12,Active
USER001721,2023-01-10,Active
USER001722,2024-10-03,Active
USER001723,2024-05-19,Inactive
USER001724,2024-03-29,Active
USER001725,2025-06-12,Inactive
USER001726,2024-07-20,Active
USER001727,2025-01-06,Active
USER001728,2023-10-03,Active
USER001729,2024-11-10,Active
USER001730,2025-09-09,Active
USER001731,2025-08-05,Active
USER001732,2025-07-01,Active
USER001733,2025-01-04,Active
USER001734,2024-09-17,Active
USER001735,2025-09-24,Active
USER001736,2023-08-11,Inactive
USER001737,2023-12-26,Active
USER001738,2023-06-17,Active
USER001739,2024-07-28,Inactive
USER001740,2023-10-14,Active
USER001741,2024-02-07,Active
USER001742,2024-06-23,Active
USER001743,2023-06-06,Active
USER001744,2023-06-04,Active
USER001745,2023-02-08,Active
USER001746,2025-11-04,Active
USER001747,2023-03-05,Active
USER001748,2025-04-09,Active
USER001749,2024-03-11,Active
USER001750,2023-03-17,Active
USER001751,2024-06-17,Active
USER001752,2025-08-24,Active
USER001753,2023-11-01,Active
USER001754,2025-01-19,Active
USER001755,2025-03-14,Active
USER001756,2024-04-02,Active
USER001757,2024-08-18,Active
USER001758,2023-10-02,Active
USER001759,2025-08-09,Active
USER001760,2025-10-23,Active
USER001761,2025-11-11,Active
USER001762,2023-07-05,Active
USER001763,2025-03-23,Inactive
USER001764,2025-01-15,Active
USER001765,2025-10-25,Active
USER001766,2023-01-22,Active
USER001767,2024-05-04,Active
USER001768,2023-12-06,Active
USER001769,2025-11-18,Active
USER001770,2023-10-15,Active
USER001771,2025-07-02,Active
USER001772,2023-11-23,Active
USER001773,2024-01-02,Active
USER001774,2023-10-27,Active
USER001775,2025-09-17,Active
USER001776,2025-01-04,Active
USER001777,2023-03-24,Active
USER001778,2024-03-24,Active
USER001779,2025-09-25,Inactive
USER001780,2024-04-19,Active
USER001781,2023-05-09,Active
USER001782,2024-06-25,Active
USER001783,2025-01-26,Active
USER001784,2024-04-24,Active
USER001785,2023-03-29,Active
USER001786,2024-02-28,Active
USER001787,2025-11-26,Inactive
USER001788,2025-01-09,Active
USER001789,2025-03-05,Active
USER001790,2025-08-19,Active
USER001791,2025-07-20,Active
USER001792,2023-04-06,Active
USER001793,2023-03-23,Active
USER001794,2024-10-25,Active
USER001795,2023-07-31,Active
USER001796,2025-12-03,Active
USER001797,2024-07-14,Active
USER001798,2024-06-23,Active
USER001799,2023-12-23,Active
USER001800,2025-02-10,Active
USER001801,2025-02-14,Active
USER001802,2025-01-18,Active
USER001803,2023-06-09,Active
USER001804,2025-11-24,Active
USER001805,2024-05-30,Active
USER001806,2025-02-09,Active
USER001807,2024-04-01,Active
USER001808,2025-11-23,Active
USER001809,2025-04-11,Inactive
USER001810,2024-12-23,Active
USER001811,2024-12-07,Active
USER001812,2025-09-24,Inactive
USER001813,2025-09-14,Active
USER001814,2023-01-14,Active
USER001815,2025-10-24,Active
USER001816,2023-10-12,Active
USER001817,2025-06-19,Active
USER001818,2023-12-06,Active
USER001819,2024-04-16,Inactive
USER001820,2023-06-07,Active
USER001821,2025-11-19,Active
USER001822,2024-07-29,Active
USER001823,2024-03-09,Active
USER001824,2023-11-04,Active
USER001825,2024-01-18,Active
USER001826,2023-11-19,Active
USER001827,2025-01-11,Active
USER001828,2023-08-31,Active
USER001829,2024-04-16,Active
USER001830,2025-04-29,Active
USER001831,2024-11-07,Inactive
USER001832,2023-08-21,Active
USER001833,2025-09-13,Active
USER001834,2025-09-07,Active
USER001835,2025-09-08,Active
USER001836,2024-03-07,Inactive
USER001837,2023-11-27,Active
USER001838,2025-04-21,Inactive
USER001839,2023-02-15,Active
USER001840,2024-05-14,Active
USER001841,2023-03-30,Active
USER001842,2023-09-19,Inactive
USER001843,2023-11-26,Active
USER001844,2023-10-03,Active
USER001845,2025-11-15,Inactive
USER001846,2023-03-22,Active
USER001847,2023-10-28,Active
USER001848,2023-04-25,Active
USER001849,2023-12-07,Active
USER001850,2024-06-12,Active
USER001851,2024-01-04,Active
USER001852,2025-11-24,Active
USER001853,2025-04-10,Active
USER001854,2023-02-08,Active
USER001855,2024-08-03,Active
USER001856,2023-06-25,Active
USER001857,2024-03-19,Active
USER001858,2025-07-08,Active
USER001859,2025-08-23,Active
USER001860,2025-09-13,Active
USER001861,2023-12-16,Inactive
USER001862,2024-03-25,Active
USER001863,2025-04-21,Active
USER001864,2023-10-20,Active
USER001865,2024-01-08,Active
USER001866,2025-11-12,Active
USER001867,2024-06-25,Active
USER001868,2023-12-10,Active
USER001869,2024-12-02,Active
USER001870,2025-07-17,Active
USER001871,2023-05-21,Active
USER001872,2024-04-15,Active
USER001873,2025-02-13,Active
USER001874,2025-02-28,Active
USER001875,2023-09-28,Active
USER001876,2023-08-11,Active
USER001877,2023-02-03,Active
USER001878,2024-02-19,Active
USER001879,2025-12-06,Active
USER001880,2025-10-29,Active
USER001881,2025-05-09,Active
USER001882,2023-11-03,Active
USER001883,2023-07-17,Active
USER001884,2023-12-30,Inactive
USER001885,2025-09-01,Active
USER001886,2023-03-21,Active
USER001887,2025-12-24,Active
USER001888,2025-10-27,Active
USER001889,2023-08-29,Active
USER001890,2023-07-10,Active
USER001891,2025-09-14,Active
USER001892,2023-09-24,Active
USER001893,2023-01-03,Active
USER001894,2025-06-02,Active
USER001895,2025-12-05,Active
USER001896,2025-05-11,Active
USER001897,2025-01-28,Active
USER001898,2023-03-30,Active
USER001899,2025-12-21,Active
USER001900,2025-05-28,Active
USER001901,2024-04-14,Active
USER001902,2025-09-14,Active
USER001903,2025-02-19,Active
USER001904,2024-12-18,Active
USER001905,2023-07-20,Active
USER001906,2025-05-21,Active
USER001907,2023-10-02,Active
USER001908,2024-06-05,Active
USER001909,2025-09-04,Active
USER001910,2024-04-21,Active
USER001911,2023-06-21,Active
USER001912,2024-08-03,Active
USER001913,2025-04-16,Active
USER001914,2024-06-11,Active
USER001915,2024-01-23,Inactive
USER001916,2023-01-12,Active
USER001917,2023-01-15,Active
USER001918,2025-12-06,Active
USER001919,2023-08-30,Active
USER001920,2025-11-30,Active
USER001921,2023-01-15,Active
USER001922,2025-02-07,Active
USER001923,2024-02-25,Active
USER001924,2024-10-08,Active
USER001925,2025-04-17,Active
USER001926,2025-01-11,Active
USER001927,2023-08-07,Active
USER001928,2023-11-13,Active
USER001929,2025-05-22,Active
USER001930,2024-06-03,Active
USER001931,2024-06-19,Active
USER001932,2025-05-17,Active
USER001933,2025-01-18,Active
USER001934,2024-07-18,Active
USER001935,2025-03-24,Active
USER001936,2024-02-22,Active
USER001937,2025-04-26,Active
USER001938,2025-09-15,Active
USER001939,2024-01-02,Active
USER001940,2025-01-28,Active
USER001941,2025-09-17,Active
USER001942,2024-06-03,Inactive
USER001943,2024-09-20,Active
USER001944,2024-12-06,Inactive
USER001945,2025-03-26,Active
USER001946,2023-10-10,Active
USER001947,2023-09-01,Active
USER001948,2024-04-15,Active
USER001949,2025-07-03,Active
USER001950,2023-11-28,Active
USER001951,2023-07-25,Active
USER001952,2024-03-15,Inactive
USER001953,2025-11-07,Active
USER001954,2025-03-31,Active
USER001955,2024-11-24,Active
USER001956,2023-04-17,Active
USER001957,2023-11-26,Inactive
USER001958,2025-03-07,Active
USER001959,2023-01-11,Active
USER001960,2023-07-06,Active
USER001961,2023-10-25,Active
USER001962,2025-08-23,Active
USER001963,2025-06-10,Active
USER001964,2023-06-30,Active
USER001965,2023-05-12,Active
USER001966,2024-06-22,Active
USER001967,2024-03-30,Active
USER001968,2025-01-29,Inactive
USER001969,2023-06-13,Active
USER001970,2023-03-19,Active
USER001971,2025-02-26,Active
USER001972,2025-03-31,Active
USER001973,2025-12-03,Active
USER001974,2024-08-09,Active
USER001975,2023-04-28,Active
USER001976,2023-12-25,Active
USER001977,2025-10-09,Active
USER001978,2025-06-18,Active
USER001979,2023-01-22,Active
USER001980,2024-02-18,Active
USER001981,2025-11-27,Active
USER001982,2024-08-08,Inactive
USER001983,2024-02-03,Active
USER001984,2023-03-10,Active
USER001985,2025-11-11,Active
USER001986,2025-11-22,Active
USER001987,2024-04-19,Active
USER001988,2023-12-14,Active
USER001989,2023-03-15,Active
USER001990,2025-01-06,Active
USER001991,2024-05-04,Active
USER001992,2023-01-01,Active
USER001993,2023-11-19,Active
USER001994,2023-06-27,Inactive
USER001995,2024-07-19,Inactive
USER001996,2025-03-29,Active
USER001997,2024-12-24,Active
USER001998,2025-03-20,Active
USER001999,2025-04-10,Active
USER002000,2024-02-15,Active
USER002001,2025-11-26,Active
USER002002,2023-02-01,Active
USER002003,2023-05-21,Active
USER002004,2023-07-04,Active
USER002005,2024-08-05,Active
USER002006,2024-12-13,Active
USER002007,2024-12-12,Inactive
USER002008,2024-07-20,Active
USER002009,2024-04-08,Active
USER002010,2024-02-03,Active
USER002011,2025-07-20,Active
USER002012,2025-04-07,Active
USER002013,2023-01-10,Inactive
USER002014,2024-06-18,Active
USER002015,2023-12-25,Active
USER002016,2025-04-13,Inactive
USER002017,2025-11-02,Active
USER002018,2023-08-07,Active
USER002019,2023-05-29,Active
USER002020,2025-10-27,Active
USER002021,2024-08-25,Active
USER002022,2024-11-27,Active
USER002023,2023-08-28,Active
USER002024,2025-11-17,Active
USER002025,2024-06-11,Active
USER002026,2024-05-27,Active
USER002027,2025-06-25,Active
USER002028,2025-02-11,Active
USER002029,2025-09-17,Active
USER002030,2024-05-13,Active
USER002031,2024-11-26,Active
USER002032,2025-07-28,Active
USER002033,2025-08-01,Active
USER002034,2023-02-26,Active
USER002035,2025-09-14,Active
USER002036,2023-08-27,Active
USER002037,2024-06-12,Active
USER002038,2023-05-19,Active
USER002039,2025-02-22,Active
USER002040,2024-03-27,Active
USER002041,2024-04-15,Active
USER002042,2024-10-08,Active
USER002043,2025-04-24,Active
USER002044,2024-12-24,Active
USER002045,2025-11-23,Active
USER002046,2023-01-20,Active
USER002047,2024-06-23,Active
USER002048,2024-05-23,Active
USER002049,2024-08-11,Active
USER002050,2023-07-10,Active
USER002051,2025-03-28,Active
USER002052,2024-12-01,Active
USER002053,2023-06-05,Active
USER002054,2024-01-01,Active
USER002055,2025-09-02,Active
USER002056,2024-10-04,Active
USER002057,2024-12-25,Active
USER002058,2024-03-23,Active
USER002059,2024-07-05,Active
USER002060,2024-01-10,Active
USER002061,2024-01-25,Active
USER002062,2025-10-18,Inactive
USER002063,2024-02-13,Inactive
USER002064,2024-04-25,Active
USER002065,2024-05-10,Active
USER002066,2024-06-27,Inactive
USER002067,2024-02-28,Active
USER002068,2024-04-14,Active
USER002069,2024-02-20,Inactive
USER002070,2024-05-26,Active
USER002071,2024-12-30,Active
USER002072,2023-11-16,Active
USER002073,2023-08-07,Active
USER002074,2023-09-03,Inactive
USER002075,2023-06-10,Active
USER002076,2025-10-05,Active
USER002077,2023-01-14,Active
USER002078,2023-03-28,Active
USER002079,2025-09-14,Active
USER002080,2025-01-30,Active
USER002081,2024-10-07,Active
USER002082,2025-10-05,Active
USER002083,2024-07-16,Active
USER002084,2025-10-02,Inactive
USER002085,2024-01-10,Active
USER002086,2025-11-12,Active
USER002087,2024-07-27,Active
USER002088,2025-03-25,Active
USER002089,2024-03-30,Active
USER002090,2023-09-20,Active
USER002091,2023-04-21,Active
USER002092,2025-12-12,Active
USER002093,2025-05-16,Active
USER002094,2025-09-06,Active
USER002095,2023-03-08,Active
USER002096,2025-10-26,Active
USER002097,2024-12-12,Active
USER002098,2025-03-17,Active
USER002099,2023-12-24,Active
USER002100,2025-07-25,Active
USER002101,2023-09-04,Active
USER002102,2025-11-27,Active
USER002103,2025-07-31,Active
USER002104,2024-10-08,Inactive
USER002105,2023-01-18,Active
USER002106,2023-01-25,Active
USER002107,2024-03-07,Active
USER002108,2025-02-16,Active
USER002109,2023-07-26,Active
USER002110,2024-10-28,Active
USER002111,2025-01-10,Inactive
USER002112,2024-06-15,Active
USER002113,2024-01-19,Active
USER002114,2024-06-22,Active
USER002115,2024-04-30,Active
USER002116,2024-07-05,Active
USER002117,2025-08-23,Inactive
USER002118,2024-12-03,Active
USER002119,2025-01-19,Active
USER002120,2024-01-12,Active
USER002121,2025-10-18,Active
USER002122,2025-05-18,Active
USER002123,2024-03-07,Active
USER002124,2025-05-08,Active
USER002125,2025-02-01,Active
USER002126,2025-01-17,Active
USER002127,2025-03-31,Active
USER002128,2024-07-26,Active
USER002129,2025-07-12,Inactive
USER002130,2024-01-04,Active
USER002131,2023-09-26,Active
USER002132,2024-04-13,Inactive
USER002133,2023-07-24,Active
USER002134,2024-07-06,Active
USER002135,2024-04-27,Active
USER002136,2025-06-04,Active
USER002137,2025-02-19,Active
USER002138,2024-02-06,Inactive
USER002139,2023-10-26,Active
USER002140,2023-11-03,Active
USER002141,2025-08-26,Active
USER002142,2023-01-20,Active
USER002143,2023-12-28,Active
USER002144,2025-05-13,Active
USER002145,2025-10-20,Active
USER002146,2023-10-03,Active
USER002147,2025-11-24,Active
USER002148,2025-12-29,Active
USER002149,2024-10-08,Active
USER002150,2025-09-23,Inactive
USER002151,2024-09-06,Active
USER002152,2024-05-28,Active
USER002153,2023-04-08,Active
USER002154,2025-03-26,Active
USER002155,2023-07-22,Active
USER002156,2023-12-01,Active
USER002157,2023-05-03,Active
USER002158,2024-03-17,Active
USER002159,2024-06-04,Active
USER002160,2025-09-02,Inactive
USER002161,2023-07-17,Active
USER002162,2025-07-10,Active
USER002163,2024-11-16,Active
USER002164,2024-06-16,Active
USER002165,2025-01-09,Active
USER002166,2025-01-07,Active
USER002167,2024-06-11,Active
USER002168,2024-12-05,Active
USER002169,2023-02-10,Active
USER002170,2025-04-23,Active
USER002171,2023-09-06,Active
USER002172,2024-12-20,Active
USER002173,2024-02-12,Active
USER002174,2023-12-24,Active
USER002175,2024-08-05,Active
USER002176,2024-12-28,Active
USER002177,2024-10-27,Active
USER002178,2025-11-11,Active
USER002179,2025-09-25,Active
USER002180,2025-07-04,Active
USER002181,2023-06-10,Active
USER002182,2025-02-19,Active
USER002183,2024-08-09,Active
USER002184,2025-08-07,Active
USER002185,2023-10-24,Active
USER002186,2023-12-10,Active
USER002187,2024-11-21,Active
USER002188,2025-05-13,Active
USER002189,2025-04-08,Active
USER002190,2023-05-27,Active
USER002191,2023-06-12,Active
USER002192,2023-11-28,Active
USER002193,2024-12-04,Active
USER002194,2024-04-12,Active
USER002195,2024-10-04,Active
USER002196,2024-10-10,Active
USER002197,2024-08-19,Active
USER002198,2024-07-01,Active
USER002199,2025-03-20,Active
USER002200,2024-07-09,Active
USER002201,2025-06-30,Active
USER002202,2025-01-13,Active
USER002203,2025-12-02,Active
USER002204,2025-07-11,Active
USER002205,2025-04-27,Active
USER002206,2023-12-09,Active
USER002207,2024-01-12,Active
USER002208,2023-02-17,Active
USER002209,2023-09-14,Active
USER002210,2024-04-25,Active
USER002211,2024-05-30,Active
USER002212,2023-06-13,Active
USER002213,2024-03-07,Active
USER002214,2023-12-08,Active
USER002215,2025-03-24,Active
USER002216,2023-07-30,Active
USER002217,2023-07-15,Inactive
USER002218,2023-05-11,Active
USER002219,2025-08-27,Active
USER002220,2023-04-21,Active
USER002221,2023-02-23,Inactive
USER002222,2025-03-24,Active
USER002223,2025-12-09,Active
USER002224,2023-06-20,Active
USER002225,2023-08-01,Inactive
USER002226,2024-06-21,Active
USER002227,2023-11-15,Active
USER002228,2023-06-22,Inactive
USER002229,2025-03-09,Active
USER002230,2024-09-25,Active
USER002231,2024-04-14,Active
USER002232,2024-05-21,Inactive
USER002233,2024-08-04,Active
USER002234,2025-06-26,Inactive
USER002235,2023-09-16,Active
USER002236,2023-09-26,Active
USER002237,2025-12-14,Active
USER002238,2023-12-16,Active
USER002239,2023-02-28,Active
USER002240,2023-03-13,Active
USER002241,2024-12-31,Active
USER002242,2024-10-28,Active
USER002243,2025-09-02,Active
USER002244,2025-08-14,Active
USER002245,2024-07-11,Active
USER002246,2025-06-30,Active
USER002247,2023-10-04,Active
USER002248,2023-12-29,Active
USER002249,2025-07-24,Active
USER002250,2025-06-09,Inactive
USER002251,2025-12-08,Active
USER002252,2025-12-29,Active
USER002253,2024-09-26,Active
USER002254,2024-12-12,Active
USER002255,2025-09-13,Active
USER002256,2024-04-10,Active
USER002257,2023-07-03,Active
USER002258,2025-06-23,Active
USER002259,2024-09-22,Active
USER002260,2025-01-19,Active
USER002261,2025-04-24,Active
USER002262,2024-06-16,Active
USER002263,2023-11-15,Active
USER002264,2024-09-13,Active
USER002265,2023-01-22,Active
USER002266,2023-01-01,Active
USER002267,2025-12-07,Active
USER002268,2023-10-07,Active
USER002269,2024-12-05,Active
USER002270,2024-08-10,Active
USER002271,2025-08-18,Active
USER002272,2025-12-31,Active
USER002273,2023-01-18,Active
USER002274,2025-10-04,Active
USER002275,2025-09-04,Active
USER002276,2024-09-05,Active
USER002277,2023-01-19,Active
USER002278,2025-05-31,Active
USER002279,2024-08-22,Active
USER002280,2024-04-18,Active
USER002281,2023-01-15,Active
USER002282,2025-02-04,Active
USER002283,2024-01-22,Inactive
USER002284,2025-04-23,Active
USER002285,2025-06-14,Active
USER002286,2025-03-19,Active
USER002287,2024-05-26,Active
USER002288,2023-12-01,Active
USER002289,2025-03-09,Active
USER002290,2025-02-13,Active
USER002291,2024-03-27,Active
USER002292,2024-06-22,Active
USER002293,2023-06-12,Active
USER002294,2025-05-14,Active
USER002295,2024-05-05,Inactive
USER002296,2025-11-24,Active
USER002297,2024-07-10,Active
USER002298,2024-08-06,Active
USER002299,2025-12-25,Inactive
USER002300,2024-07-04,Active
USER002301,2025-04-25,Active
USER002302,2024-01-21,Active
USER002303,2023-05-21,Active
USER002304,2024-01-09,Active
USER002305,2023-10-07,Active
USER002306,2024-08-16,Active
USER002307,2023-08-15,Active
USER002308,2025-07-21,Active
USER002309,2025-07-16,Active
USER002310,2024-07-11,Active
USER002311,2025-10-04,Active
USER002312,2024-01-20,Inactive
USER002313,2024-10-18,Active
USER002314,2023-02-09,Active
USER002315,2023-11-08,Active
USER002316,2023-04-12,Active
USER002317,2025-12-31,Active
USER002318,2023-02-15,Active
USER002319,2024-01-16,Active
USER002320,2023-07-29,Active
USER002321,2024-07-31,Active
USER002322,2024-07-05,Active
USER002323,2023-09-14,Active
USER002324,2025-06-16,Active
USER002325,2023-01-17,Active
USER002326,2024-04-21,Inactive
USER002327,2023-07-04,Active
USER002328,2023-11-05,Active
USER002329,2023-01-31,Active
USER002330,2025-10-07,Active
USER002331,2024-03-20,Active
USER002332,2024-12-01,Active
USER002333,2025-05-10,Inactive
USER002334,2024-09-30,Inactive
USER002335,2025-10-17,Active
USER002336,2025-01-30,Active
USER002337,2025-08-07,Active
USER002338,2023-03-06,Active
USER002339,2024-11-07,Inactive
USER002340,2023-06-14,Active
USER002341,2023-10-27,Active
USER002342,2023-04-25,Active
USER002343,2024-06-29,Active
USER002344,2025-03-14,Active
USER002345,2023-05-27,Active
USER002346,2025-08-20,Active
USER002347,2024-01-07,Active
USER002348,2024-01-29,Active
USER002349,2024-05-27,Active
USER002350,2025-02-20,Active
USER002351,2023-01-26,Active
USER002352,2023-09-07,Active
USER002353,2024-05-24,Active
USER002354,2025-02-27,Active
USER002355,2025-06-26,Active
USER002356,2024-05-21,Active
USER002357,2023-03-10,Active
USER002358,2024-02-12,Inactive
USER002359,2025-08-01,Inactive
USER002360,2023-07-12,Active
USER002361,2025-12-03,Inactive
USER002362,2024-03-02,Active
USER002363,2025-08-26,Active
USER002364,2025-03-07,Active
USER002365,2024-10-01,Active
USER002366,2024-10-23,Inactive
USER002367,2023-11-21,Active
USER002368,2023-03-28,Active
USER002369,2025-12-02,Inactive
USER002370,2023-09-08,Active
USER002371,2024-06-02,Active
USER002372,2025-09-12,Active
USER002373,2024-09-03,Active
USER002374,2024-02-11,Active
USER002375,2025-01-08,Active
USER002376,2023-04-17,Active
USER002377,2024-03-22,Active
USER002378,2023-08-20,Active
USER002379,2024-04-28,Active
USER002380,2025-06-08,Active
USER002381,2024-10-26,Active
USER002382,2023-01-31,Active
USER002383,2023-12-09,Active
USER002384,2024-07-19,Active
USER002385,2023-09-03,Active
USER002386,2025-03-21,Active
USER002387,2024-05-12,Active
USER002388,2023-01-19,Active
USER002389,2023-03-28,Active
USER002390,2025-08-31,Active
USER002391,2023-11-14,Active
USER002392,2025-01-30,Active
USER002393,2023-07-03,Active
USER002394,2024-05-24,Active
USER002395,2023-11-19,Active
USER002396,2025-10-20,Active
USER002397,2023-07-07,Active
USER002398,2024-11-24,Active
USER002399,2023-05-03,Inactive
USER002400,2023-05-03,Active
USER002401,2024-12-29,Active
USER002402,2023-11-12,Active
USER002403,2023-08-08,Active
USER002404,2023-09-15,Active
USER002405,2025-09-26,Active
USER002406,2024-04-21,Active
USER002407,2024-10-10,Active
USER002408,2024-12-12,Active
USER002409,2025-06-17,Active
USER002410,2024-01-31,Active
USER002411,2023-02-13,Active
USER002412,2025-02-12,Active
USER002413,2025-01-03,Active
USER002414,2023-10-03,Active
USER002415,2024-05-28,Active
USER002416,2023-03-22,Active
USER002417,2025-09-20,Active
USER002418,2025-06-15,Active
USER002419,2024-08-26,Active
USER002420,2025-09-30,Active
USER002421,2024-01-24,Active
USER002422,2024-01-18,Active
USER002423,2024-12-13,Active
USER002424,2024-10-24,Active
USER002425,2025-08-17,Active
USER002426,2024-07-17,Active
USER002427,2023-11-25,Active
USER002428,2023-05-22,Active
USER002429,2025-12-23,Active
USER002430,2023-11-14,Active
USER002431,2025-07-09,Active
USER002432,2024-08-28,Active
USER002433,2024-06-23,Active
USER002434,2025-01-21,Active
USER002435,2025-07-18,Active
USER002436,2023-01-02,Active
USER002437,2025-11-02,Active
USER002438,2025-02-15,Active
USER002439,2024-01-15,Active
USER002440,2023-02-08,Active
USER002441,2025-01-15,Active
USER002442,2024-05-04,Active
USER002443,2024-10-18,Active
USER002444,2023-05-10,Active
USER002445,2025-03-04,Active
USER002446,2024-01-24,Active
USER002447,2025-12-09,Active
USER002448,2025-10-15,Active
USER002449,2023-11-12,Active
USER002450,2024-08-02,Active
USER002451,2024-10-22,Inactive
USER002452,2025-04-19,Inactive
USER002453,2024-10-21,Active
USER002454,2023-08-15,Active
USER002455,2023-07-17,Active
USER002456,2025-12-07,Active
USER002457,2023-05-17,Inactive
USER002458,2023-03-31,Active
USER002459,2023-09-23,Active
USER002460,2024-01-01,Inactive
USER002461,2023-03-06,Active
USER002462,2024-02-18,Active
USER002463,2023-08-08,Active
USER002464,2025-09-21,Active
USER002465,2024-01-28,Active
USER002466,2023-07-22,Active
USER002467,2023-03-07,Active
USER002468,2025-03-06,Inactive
USER002469,2025-09-30,Active
USER002470,2025-12-12,Active
USER002471,2024-06-08,Active
USER002472,2023-04-11,Active
USER002473,2025-01-20,Active
USER002474,2024-03-28,Active
USER002475,2023-05-26,Active
USER002476,2023-01-27,Active
USER002477,2024-03-03,Active
USER002478,2025-10-03,Active
USER002479,2023-06-13,Active
USER002480,2025-08-16,Active
USER002481,2023-05-05,Active
USER002482,2025-01-09,Active
USER002483,2025-05-01,Active
USER002484,2025-01-25,Inactive
USER002485,2023-04-30,Active
USER002486,2024-06-28,Active
USER002487,2025-12-19,Active
USER002488,2023-03-25,Active
USER002489,2023-05-25,Active
USER002490,2024-09-14,Active
USER002491,2023-06-09,Active
USER002492,2024-03-18,Active
USER002493,2025-11-29,Active
USER002494,2023-07-18,Active
USER002495,2023-07-27,Active
USER002496,2024-04-18,Active
USER002497,2025-12-24,Active
USER002498,2025-02-28,Active
USER002499,2024-01-24,Active
USER002500,2024-01-31,Active
USER002501,2025-12-13,Active
USER002502,2024-05-24,Active
USER002503,2024-01-02,Active
USER002504,2025-04-30,Active
USER002505,2023-08-05,Active
USER002506,2025-01-03,Active
USER002507,2025-07-28,Active
USER002508,2025-05-24,Active
USER002509,2023-08-02,Active
USER002510,2023-12-08,Active
USER002511,2024-01-05,Active
USER002512,2025-04-02,Active
USER002513,2025-10-30,Active
USER002514,2024-11-22,Active
USER002515,2023-11-20,Active
USER002516,2025-12-29,Inactive
USER002517,2025-06-26,Active
USER002518,2024-12-22,Active
USER002519,2024-10-07,Active
USER002520,2024-10-26,Active
USER002521,2025-01-31,Active
USER002522,2025-04-24,Active
USER002523,2025-05-31,Active
USER002524,2024-10-24,Inactive
USER002525,2024-05-07,Active
USER002526,2024-03-14,Active
USER002527,2025-02-07,Active
USER002528,2024-06-04,Active
USER002529,2025-01-07,Inactive
USER002530,2025-07-15,Active
USER002531,2025-07-05,Active
USER002532,2025-03-24,Active
USER002533,2023-01-01,Active
USER002534,2023-03-12,Inactive
USER002535,2024-08-05,Active
USER002536,2023-02-03,Active
USER002537,2025-11-26,Active
USER002538,2023-10-04,Active
USER002539,2024-09-10,Active
USER002540,2023-01-14,Active
USER002541,2024-09-07,Active
USER002542,2024-03-30,Active
USER002543,2024-03-15,Active
USER002544,2024-10-06,Active
USER002545,2023-02-14,Active
USER002546,2024-07-19,Active
USER002547,2025-11-13,Active
USER002548,2023-11-13,Active
USER002549,2023-07-13,Active
USER002550,2023-03-19,Active
USER002551,2025-07-31,Active
USER002552,2024-12-29,Inactive
USER002553,2023-11-16,Active
USER002554,2023-10-11,Active
USER002555,2024-06-26,Active
USER002556,2025-01-21,Active
USER002557,2024-05-26,Active
USER002558,2024-04-22,Active
USER002559,2024-06-08,Active
USER002560,2024-09-07,Active
USER002561,2023-07-08,Active
USER002562,2025-03-29,Active
USER002563,2024-03-21,Active
USER002564,2023-06-08,Inactive
USER002565,2024-10-26,Active
USER002566,2025-09-15,Active
USER002567,2023-12-21,Active
USER002568,2025-09-26,Active
USER002569,2023-07-15,Active
USER002570,2024-09-07,Active
USER002571,2023-03-18,Active
USER002572,2025-02-20,Active
USER002573,2023-06-10,Active
USER002574,2023-04-25,Active
USER002575,2024-11-15,Active
USER002576,2024-12-13,Active
USER002577,2025-06-08,Active
USER002578,2025-05-03,Active
USER002579,2023-09-04,Active
USER002580,2024-04-09,Active
USER002581,2023-01-24,Active
USER002582,2025-02-22,Active
USER002583,2023-04-21,Active
USER002584,2024-09-16,Inactive
USER002585,2025-12-09,Inactive
USER002586,2023-03-26,Active
USER002587,2024-10-15,Active
USER002588,2023-11-03,Active
USER002589,2024-10-31,Active
USER002590,2025-10-25,Active
USER002591,2024-03-28,Inactive
USER002592,2023-11-10,Active
USER002593,2023-04-14,Active
USER002594,2025-03-15,Active
USER002595,2025-07-01,Active
USER002596,2025-10-30,Active
USER002597,2023-07-04,Active
USER002598,2024-03-30,Inactive
USER002599,2025-06-03,Active
USER002600,2024-08-16,Active
USER002601,2025-03-18,Active
USER002602,2023-10-31,Inactive
USER002603,2023-09-28,Active
USER002604,2024-11-19,Active
USER002605,2023-06-19,Active
USER002606,2025-09-01,Active
USER002607,2023-04-11,Active
USER002608,2025-03-28,Active
USER002609,2024-06-21,Active
USER002610,2023-06-24,Active
USER002611,2025-03-27,Active
USER002612,2025-10-24,Inactive
USER002613,2025-06-08,Inactive
USER002614,2023-09-25,Active
USER002615,2023-10-04,Active
USER002616,2025-09-11,Inactive
USER002617,2024-02-10,Active
USER002618,2025-09-26,Active
USER002619,2025-03-20,Active
USER002620,2024-02-06,Active
USER002621,2025-12-09,Active
USER002622,2024-05-19,Active
USER002623,2024-05-11,Active
USER002624,2023-05-27,Active
USER002625,2024-06-29,Active
USER002626,2025-05-30,Inactive
USER002627,2024-10-24,Active
USER002628,2023-07-03,Active
USER002629,2023-08-19,Active
USER002630,2025-04-27,Active
USER002631,2025-05-17,Active
USER002632,2025-01-18,Active
USER002633,2024-12-14,Active
USER002634,2024-01-26,Active
USER002635,2024-10-18,Active
USER002636,2024-12-06,Active
USER002637,2023-02-19,Active
USER002638,2024-09-16,Active
USER002639,2023-12-13,Active
USER002640,2024-12-17,Active
USER002641,2025-06-24,Active
USER002642,2023-10-26,Active
USER002643,2025-06-21,Active
USER002644,2023-04-02,Active
USER002645,2024-04-23,Active
USER002646,2024-02-13,Active
USER002647,2025-02-04,Active
USER002648,2023-11-16,Active
USER002649,2023-06-25,Active
USER002650,2023-08-19,Active
USER002651,2023-04-22,Active
USER002652,2024-05-12,Active
USER002653,2023-10-30,Active
USER002654,2024-08-12,Active
USER002655,2023-01-29,Active
USER002656,2024-12-04,Active
USER002657,2023-08-16,Active
USER002658,2024-09-16,Active
USER002659,2025-07-10,Inactive
USER002660,2025-08-22,Active
USER002661,2023-02-16,Active
USER002662,2024-11-10,Active
USER002663,2024-03-04,Active
USER002664,2024-03-09,Active
USER002665,2024-02-22,Active
USER002666,2025-12-07,Active
USER002667,2024-06-13,Active
USER002668,2025-09-16,Active
USER002669,2023-10-17,Active
USER002670,2023-02-07,Active
USER002671,2025-02-10,Active
USER002672,2025-12-14,Active
USER002673,2023-03-31,Active
USER002674,2024-06-07,Active
USER002675,2023-12-15,Active
USER002676,2023-05-04,Active
USER002677,2024-08-04,Active
USER002678,2024-02-16,Active
USER002679,2024-07-09,Active
USER002680,2023-04-19,Active
USER002681,2025-08-10,Active
USER002682,2023-01-18,Active
USER002683,2023-05-17,Active
USER002684,2025-03-06,Active
USER002685,2024-07-09,Active
USER002686,2025-01-07,Active
USER002687,2023-08-09,Active
USER002688,2023-02-09,Active
USER002689,2024-08-22,Active
USER002690,2025-03-02,Active
USER002691,2024-04-18,Active
USER002692,2025-02-18,Active
USER002693,2025-11-07,Active
USER002694,2023-07-23,Active
USER002695,2024-10-08,Active
USER002696,2025-09-19,Active
USER002697,2025-12-24,Active
USER002698,2023-06-30,Active
USER002699,2024-01-17,Active
USER002700,2024-02-12,Active
USER002701,2025-10-22,Active
USER002702,2025-07-26,Active
USER002703,2023-02-14,Active
USER002704,2023-03-23,Active
USER002705,2024-05-21,Active
USER002706,2025-12-20,Active
USER002707,2024-09-16,Active
USER002708,2024-11-14,Active
USER002709,2025-09-30,Active
USER002710,2025-03-16,Active
USER002711,2023-11-18,Active
USER002712,2023-02-07,Active
USER002713,2024-12-11,Active
USER002714,2024-12-21,Active
USER002715,2024-12-28,Active
USER002716,2024-09-11,Active
USER002717,2024-04-28,Active
USER002718,2025-10-23,Active
USER002719,2024-07-18,Active
USER002720,2023-05-07,Active
USER002721,2024-06-11,Active
USER002722,2025-03-03,Active
USER002723,2023-03-02,Inactive
USER002724,2024-07-27,Active
USER002725,2024-04-06,Inactive
USER002726,2023-11-07,Active
USER002727,2024-11-30,Active
USER002728,2025-03-15,Inactive
USER002729,2023-10-09,Inactive
USER002730,2023-06-29,Active
USER002731,2025-02-21,Active
USER002732,2025-12-02,Active
USER002733,2024-04-10,Active
USER002734,2025-05-04,Active
USER002735,2024-05-07,Active
USER002736,2023-11-09,Active
USER002737,2025-05-23,Active
USER002738,2024-10-01,Active
USER002739,2024-11-05,Active
USER002740,2025-07-08,Active
USER002741,2023-09-27,Active
USER002742,2024-02-28,Active
USER002743,2023-10-11,Active
USER002744,2024-02-19,Active
USER002745,2023-10-10,Active
USER002746,2024-09-24,Active
USER002747,2025-12-08,Active
USER002748,2023-10-04,Active
USER002749,2025-05-30,Active
USER002750,2023-10-25,Active
USER002751,2023-11-20,Active
USER002752,2024-10-12,Active
USER002753,2023-05-19,Active
USER002754,2025-12-27,Active
USER002755,2023-08-31,Active
USER002756,2024-01-13,Inactive
USER002757,2024-10-12,Active
USER002758,2023-10-26,Active
USER002759,2023-03-02,Inactive
USER002760,2024-10-14,Active
USER002761,2025-04-27,Active
USER002762,2025-04-22,Active
USER002763,2024-09-13,Inactive
USER002764,2025-06-26,Active
USER002765,2024-07-14,Active
USER002766,2023-11-08,Active
USER002767,2024-01-20,Active
USER002768,2023-08-07,Active
USER002769,2023-09-27,Active
USER002770,2024-01-14,Active
USER002771,2023-02-23,Active
USER002772,2024-06-30,Inactive
USER002773,2024-04-17,Active
USER002774,2024-04-20,Active
USER002775,2024-04-17,Active
USER002776,2023-02-23,Active
USER002777,2025-01-05,Active
USER002778,2023-06-12,Active
USER002779,2025-09-03,Active
USER002780,2023-10-02,Active
USER002781,2025-10-25,Active
USER002782,2025-08-18,Active
USER002783,2025-02-04,Active
USER002784,2024-01-12,Active
USER002785,2025-03-04,Active
USER002786,2025-10-03,Active
USER002787,2025-08-28,Inactive
USER002788,2023-10-09,Inactive
USER002789,2023-12-02,Active
USER002790,2024-01-31,Active
USER002791,2024-04-08,Active
USER002792,2023-03-08,Active
USER002793,2025-04-16,Active
USER002794,2023-01-31,Active
USER002795,2024-07-06,Active
USER002796,2025-04-25,Active
USER002797,2024-03-31,Active
USER002798,2024-02-20,Active
USER002799,2024-02-23,Active
USER002800,2023-05-16,Active
USER002801,2023-12-29,Inactive
USER002802,2025-06-18,Active
USER002803,2025-09-30,Active
USER002804,2024-10-27,Active
USER002805,2025-07-26,Active
USER002806,2024-05-20,Active
USER002807,2025-05-25,Active
USER002808,2025-04-09,Inactive
USER002809,2023-03-27,Inactive
USER002810,2025-02-18,Active
USER002811,2024-10-02,Active
USER002812,2025-03-18,Active
USER002813,2025-12-11,Active
USER002814,2023-03-20,Active
USER002815,2025-12-02,Active
USER002816,2023-08-12,Active
USER002817,2025-07-13,Active
USER002818,2025-07-24,Active
USER002819,2023-03-28,Active
USER002820,2024-05-18,Active
USER002821,2025-11-28,Active
USER002822,2025-03-21,Active
USER002823,2023-03-22,Active
USER002824,2025-03-04,Active
USER002825,2025-11-23,Inactive
USER002826,2023-04-11,Inactive
USER002827,2024-01-24,Active
USER002828,2024-08-19,Inactive
USER002829,2025-06-19,Active
USER002830,2025-03-26,Active
USER002831,2024-09-15,Active
USER002832,2024-08-08,Active
USER002833,2025-08-02,Active
USER002834,2023-12-07,Active
USER002835,2025-05-15,Active
USER002836,2024-08-25,Active
USER002837,2023-04-22,Active
USER002838,2025-11-24,Active
USER002839,2023-10-19,Active
USER002840,2025-08-07,Active
USER002841,2025-07-14,Active
USER002842,2023-07-05,Inactive
USER002843,2025-10-22,Inactive
USER002844,2023-08-20,Active
USER002845,2024-01-04,Active
USER002846,2023-10-05,Active
USER002847,2025-03-16,Inactive
USER002848,2025-04-26,Active
USER002849,2024-10-24,Inactive
USER002850,2025-07-12,Active
USER002851,2023-02-21,Active
USER002852,2024-01-02,Active
USER002853,2025-07-18,Active
USER002854,2024-02-18,Active
USER002855,2025-07-20,Active
USER002856,2023-07-04,Active
USER002857,2024-05-27,Active
USER002858,2024-10-25,Active
USER002859,2023-12-02,Active
USER002860,2023-09-11,Active
USER002861,2023-07-06,Inactive
USER002862,2023-08-22,Active
USER002863,2025-07-09,Active
USER002864,2025-01-13,Active
USER002865,2023-06-24,Active
USER002866,2025-12-08,Active
USER002867,2025-02-25,Active
USER002868,2025-11-13,Active
USER002869,2023-11-24,Active
USER002870,2025-02-14,Active
USER002871,2025-02-18,Active
USER002872,2023-03-31,Active
USER002873,2023-12-16,Active
USER002874,2024-11-17,Active
USER002875,2023-11-04,Active
USER002876,2023-11-29,Active
USER002877,2023-10-24,Active
USER002878,2024-01-02,Active
USER002879,2023-04-16,Active
USER002880,2025-05-09,Active
USER002881,2024-09-22,Inactive
USER002882,2024-09-25,Active
USER002883,2025-07-02,Active
USER002884,2024-08-14,Active
USER002885,2024-01-06,Active
USER002886,2023-08-29,Active
USER002887,2023-09-27,Active
USER002888,2024-02-20,Active
USER002889,2023-01-08,Active
USER002890,2024-06-02,Active
USER002891,2023-01-26,Active
USER002892,2025-07-28,Active
USER002893,2025-10-16,Active
USER002894,2025-10-18,Active
USER002895,2023-01-12,Active
USER002896,2025-10-07,Active
USER002897,2024-05-02,Active
USER002898,2024-03-20,Active
USER002899,2025-09-01,Active
USER002900,2025-07-18,Active
USER002901,2025-04-19,Inactive
USER002902,2025-06-23,Active
USER002903,2023-06-12,Active
USER002904,2023-01-14,Inactive
USER002905,2024-05-16,Active
USER002906,2024-07-23,Active
USER002907,2024-03-01,Active
USER002908,2023-04-11,Active
USER002909,2024-01-14,Active
USER002910,2023-10-31,Active
USER002911,2023-04-23,Active
USER002912,2024-12-15,Active
USER002913,2023-03-17,Active
USER002914,2023-10-25,Active
USER002915,2023-03-08,Active
USER002916,2024-09-03,Active
USER002917,2024-11-09,Inactive
USER002918,2023-06-29,Inactive
USER002919,2023-04-11,Active
USER002920,2023-08-12,Inactive
USER002921,2025-05-03,Active
USER002922,2024-01-01,Active
USER002923,2023-11-27,Active
USER002924,2024-08-05,Active
USER002925,2023-12-30,Active
USER002926,2025-07-21,Active
USER002927,2025-01-07,Active
USER002928,2023-03-15,Inactive
USER002929,2023-07-10,Inactive
USER002930,2024-09-04,Active
USER002931,2024-10-23,Active
USER002932,2025-01-24,Active
USER002933,2025-02-15,Active
USER002934,2023-05-19,Active
USER002935,2025-05-25,Inactive
USER002936,2023-05-13,Active
USER002937,2024-08-22,Active
USER002938,2025-08-22,Inactive
USER002939,2023-10-03,Active
USER002940,2023-09-07,Active
USER002941,2024-07-16,Active
USER002942,2024-11-05,Active
USER002943,2025-12-15,Active
USER002944,2025-04-27,Active
USER002945,2025-12-10,Active
USER002946,2024-03-05,Active
USER002947,2024-03-04,Active
USER002948,2023-04-30,Active
USER002949,2023-08-12,Active
USER002950,2025-12-19,Active
USER002951,2023-06-29,Active
USER002952,2025-09-17,Active
USER002953,2024-08-11,Active
USER002954,2025-05-24,Active
USER002955,2024-10-10,Active
USER002956,2024-06-15,Active
USER002957,2025-12-12,Active
USER002958,2024-12-25,Active
USER002959,2023-09-23,Active
USER002960,2025-10-13,Active
USER002961,2025-11-30,Active
USER002962,2025-10-16,Active
USER002963,2025-10-05,Active
USER002964,2024-01-04,Active
USER002965,2024-04-21,Active
USER002966,2024-08-17,Inactive
USER002967,2024-02-01,Active
USER002968,2023-01-04,Active
USER002969,2023-08-31,Active
USER002970,2023-02-19,Active
USER002971,2025-08-10,Active
USER002972,2023-08-30,Active
USER002973,2024-02-29,Active
USER002974,2025-04-29,Active
USER002975,2025-04-27,Inactive
USER002976,2023-04-04,Active
USER002977,2024-11-14,Inactive
USER002978,2024-12-17,Active
USER002979,2024-03-10,Active
USER002980,2023-01-24,Active
USER002981,2024-02-17,Active
USER002982,2024-07-30,Active
USER002983,2024-06-05,Active
USER002984,2023-05-19,Active
USER002985,2024-09-22,Active
USER002986,2024-09-06,Active
USER002987,2025-11-03,Active
USER002988,2024-10-25,Active
USER002989,2023-01-13,Active
USER002990,2023-08-22,Active
USER002991,2024-11-13,Active
USER002992,2024-11-30,Inactive
USER002993,2025-03-22,Active
USER002994,2023-03-01,Active
USER002995,2023-12-26,Active
USER002996,2024-02-02,Active
USER002997,2024-11-07,Active
USER002998,2024-11-23,Active
USER002999,2025-09-08,Active
USER003000,2025-08-29,Active
